province_name,full_name,category_label,difficulty_level,score,lat,lng,img,description,note,osm_id,wikipedia
An Giang,Vườn quốc gia U Minh Thượng · An Giang,Vườn quốc gia,Trung Bình,9,9.5917658,105.092318,https://thumb.wikimedia.org/wikipedia/commons/thumb/5/5e/RungUMinh1.jpg/960px-RungUMinh1.jpg?utm_source=commons.wikimedia.org&utm_campaign=imageinfo&utm_content=thumbnail,"Vườn quốc gia U Minh Thượng là một vườn quốc gia của Việt Nam, được nâng cấp từ khu bảo tồn thiên nhiên U Minh Thượng lên thành vườn quốc gia theo Quyết định số 11/2002/QĐ-TTG ngày 14 tháng 1 năm 1993 của Thủ tướng chính phủ Cộng hòa Xã hội chủ nghĩa Việt Nam.","Website: https://vqgumt.kiengiang.gov.vn/ · Nguồn: OpenStreetMap, Wikipedia · Ảnh: Mongnt, CC BY-SA 3.0, Wikimedia Commons",relation/7138178,vi:Vườn quốc gia U Minh Thượng
An Giang,"Vườn quốc gia Phú Quốc · Phú Quốc, An Giang",Vườn quốc gia,Trung Bình,9,10.3284812,103.9556056,https://thumb.wikimedia.org/wikipedia/commons/thumb/d/d5/Phu_quoc_plage_sao.jpg/960px-Phu_quoc_plage_sao.jpg?utm_source=commons.wikimedia.org&utm_campaign=imageinfo&utm_content=thumbnail,"Vườn quốc gia Phú Quốc là một vườn quốc gia của Việt Nam nằm tại đảo Phú Quốc, tỉnh An Giang
Vườn quốc gia Phú Quốc được thành lập theo Quyết định số 91/2001/QĐ-TTg ngày 8 tháng 6 năm 2001 của Thủ tướng Chính phủ Cộng hòa Xã hội Chủ nghĩa Việt Nam về việc chuyển hạng Khu bảo tồn thiên nhiên Phú Quốc thành Vườn quốc gia Phú Quốc.","Website: https://vqgpq.kiengiang.gov.vn/ · Nguồn: OpenStreetMap, Wikipedia · Ảnh: ntt, CC BY-SA 3.0, Wikimedia Commons",relation/15835921,vi:Vườn quốc gia Phú Quốc
An Giang,"Núi Sam · Vĩnh Tế, An Giang",Núi / đỉnh,Dễ,8,10.6776041,105.0766737,https://thumb.wikimedia.org/wikipedia/commons/thumb/b/bb/Le_Mont_Sam_%28Vietnam%29_%286589335173%29.jpg/960px-Le_Mont_Sam_%28Vietnam%29_%286589335173%29.jpg?utm_source=commons.wikimedia.org&utm_campaign=imageinfo&utm_content=thumbnail,"Núi Sam có tên khác Vĩnh Tế Sơn hay Ngọc Lãnh Sơn cao 284 m có chu vi 5.200m, thuộc phường Vĩnh Tế, tỉnh An Giang, Việt Nam.
Trên và quanh núi Sam có rất nhiều chùa miếu, trong đó nổi tiếng nhất là Miếu Bà chúa Xứ, Chùa Tây An, lăng Thoại Ngọc Hầu, Chùa Phước Điền (còn gọi Chùa Hang) là những hạng mục trong Khu di tích lịch sử - Văn hoá núi Sam đã được Bộ Văn hóa, Thể thao và Du lịch Việt Nam công nhận là di tích cấp Quốc gia.","Nguồn: OpenStreetMap, Wikipedia · Ảnh: Jean-Pierre Dalbéra from Paris, France, CC BY 2.0, Wikimedia Commons",node/4293357289,vi:Núi Sam
An Giang,Quần đảo An Thới · An Giang,Đảo,Dễ,8,9.9038168,104.0384137,https://thumb.wikimedia.org/wikipedia/commons/thumb/7/78/H%C3%B2n_Th%C6%A1m_cable_car_pylon.jpg/960px-H%C3%B2n_Th%C6%A1m_cable_car_pylon.jpg?utm_source=commons.wikimedia.org&utm_campaign=imageinfo&utm_content=thumbnail,"Quần đảo An Thới là quần đảo trong vịnh Thái Lan, về mặt hành chính nằm dưới sự quản lý của đặc khu Phú Quốc, tỉnh An Giang, Việt Nam.
Quần đảo có tọa độ khoảng 9°50′ vĩ bắc, 104°05′ kinh đông. Vùng biển nơi đây nước trong; có nơi biển sâu gần 30 m.","Nguồn: OpenStreetMap, Wikipedia · Ảnh: Klientos, CC BY-SA 4.0, Wikimedia Commons",relation/7138966,vi:An Thới (quần đảo)
An Giang,"Đảo Phú Quốc · Cách Mạng Tháng Tám, 6 Dương Đông, Phú Quốc, An Giang",Đảo,Dễ,8,10.2287809,103.9573636,https://thumb.wikimedia.org/wikipedia/commons/thumb/6/6e/Bai-sao-phu-quoc-tuonglamphotos.jpg/960px-Bai-sao-phu-quoc-tuonglamphotos.jpg?utm_source=commons.wikimedia.org&utm_campaign=imageinfo&utm_content=thumbnail,"Phú Quốc là một đặc khu thuộc tỉnh An Giang, Việt Nam.
Phú Quốc là một trong 2 đặc khu hợp thành đô thị loại II Phú Quốc của tỉnh An Giang. Đặc khu còn lại là Thổ Châu.","Nguồn: OpenStreetMap, Wikipedia · Ảnh: [//commons.wikimedia.org/wiki/Trantuonglam Trantuonglam], CC BY-SA 4.0, Wikimedia Commons",relation/12033833,vi:Phú Quốc
An Giang,"Di Tích Lịch Sử - Nhà Tù Phú Quốc · Nguyễn Văn Cừ, 6 An Thới, Phú Quốc, An Giang",Bảo tàng,Dễ,7,10.0437913,104.0187858,https://upload.wikimedia.org/wikipedia/commons/e/e3/Gef%C3%A4ngnisanlage_auf_Phu_Quoc_%22Coconut_Tree_Prison%22.jpg?utm_source=commons.wikimedia.org&utm_campaign=imageinfo&utm_content=thumbnail_unscaled,"Trại giam Tù binh Chiến tranh Phú Quốc, hay Trại giam Tù binh Cộng sản Phú Quốc là một trại giam nằm tại khu vực An Thới ở phía nam đặc khu Phú Quốc. Trong Chiến tranh Đông Dương, trại giam này có tên là Nhà lao Cây Dừa. Đây là trại giam tù binh trung tâm toàn Việt Nam Cộng hòa, từng giam giữ hơn 32.000 tù binh (40.000 tù nhân nếu tính cả tù chính trị nhiều thời kỳ).","Giờ mở cửa: hằng ngày 07:00-11:00, 13:00-17:00 · Nguồn: OpenStreetMap, Wikipedia · Ảnh: RolfBerndArnold, CC BY-SA 3.0, Wikimedia Commons",way/467994898,vi:Nhà tù Phú Quốc
An Giang,"Núi Sập · Thoại Sơn, An Giang",Núi / đỉnh,Dễ,7,10.2642526,105.2725348,https://thumb.wikimedia.org/wikipedia/commons/thumb/c/c6/Tho%E1%BA%A1i_S%C6%A1n.jpg/960px-Tho%E1%BA%A1i_S%C6%A1n.jpg?utm_source=commons.wikimedia.org&utm_campaign=imageinfo&utm_content=thumbnail,"Núi Sập (tên chữ là Thoại Sơn) là một ngọn núi tại xã Thoại Sơn, tỉnh An Giang.","Nguồn: OpenStreetMap, Wikipedia · Ảnh: Bùi Thụy Đào Nguyên, CC BY-SA 3.0, Wikimedia Commons",node/4784836884,vi:Núi Sập
An Giang,"Núi Ba Thê · Óc Eo, An Giang",Núi / đỉnh,Dễ,7,10.2462782,105.1453946,https://thumb.wikimedia.org/wikipedia/commons/thumb/a/a4/N%C3%BAi_Ba_Th%C3%AA_%E1%BB%9F_Tho%E1%BA%A1i_S%C6%A1n.jpg/960px-N%C3%BAi_Ba_Th%C3%AA_%E1%BB%9F_Tho%E1%BA%A1i_S%C6%A1n.jpg?utm_source=commons.wikimedia.org&utm_campaign=imageinfo&utm_content=thumbnail,"Núi Ba Thê còn được gọi là núi Thê Sơn, là một ngọn núi trong Cụm núi Ba Thê gồm 5 núi là: Ba Thê, núi Nhỏ, núi Tượng, núi Trọi và núi Chóc. Núi Ba Thê lớn nhất với độ cao 221 m, chu vi khoảng 4.220 m, nằm lẻ loi giữa cánh đồng Tứ giác Long Xuyên, thuộc xã Óc Eo, tỉnh An Giang, cách trung tâm phường Long Xuyên khoảng 40 cây số theo tỉnh lộ 943.","Nguồn: OpenStreetMap, Wikipedia · Ảnh: Bùi Thụy Đào Nguyên, CC BY-SA 3.0, Wikimedia Commons",node/4784836887,vi:Núi Ba Thê
An Giang,"Quần đảo Bà Lụa · Sơn Hải, An Giang",Đảo,Dễ,7,10.1089147,104.4944618,https://thumb.wikimedia.org/wikipedia/commons/thumb/6/6d/Qu%E1%BA%A7n_%C4%91%E1%BA%A3o_B%C3%A0_L%E1%BB%A5a_2.jpg/960px-Qu%E1%BA%A7n_%C4%91%E1%BA%A3o_B%C3%A0_L%E1%BB%A5a_2.jpg?utm_source=commons.wikimedia.org&utm_campaign=imageinfo&utm_content=thumbnail,"Quần đảo Bà Lụa là một quần đảo của Việt Nam trong vịnh Thái Lan, thuộc phạm vi hành chính của xã Sơn Hải, tỉnh An Giang.
Nhóm đảo này còn được một số người mệnh danh là ""Tiểu Hạ Long"" của phương Nam. Thời Pháp thuộc, quần đảo còn được gọi là cụm Bình Trị.","Nguồn: OpenStreetMap, Wikipedia · Ảnh: Bố Susu, CC BY-SA 3.0, Wikimedia Commons",relation/7136363,vi:Quần đảo Bà Lụa
An Giang,Quần đảo Nam Du · An Giang,Đảo,Dễ,6,9.6870686,104.374468,https://thumb.wikimedia.org/wikipedia/commons/thumb/e/ef/Cau_cang_Dao_cu_tron-quan_Dao_nam_du._xa_An_S%C6%A1n%2C_Huyen_Ki%C3%AAn_H%E1%BA%A3i%2C_t%E1%BB%89nh_Ki%C3%AAn_Giang%2C_Vi%E1%BB%87t_Nam%2C02-07-16-Dyt_-_panoramio.jpg/960px-Cau_cang_Dao_cu_tron-quan_Dao_nam_du._xa_An_S%C6%A1n%2C_Huyen_Ki%C3%AAn_H%E1%BA%A3i%2C_t%E1%BB%89nh_Ki%C3%AAn_Giang%2C_Vi%E1%BB%87t_Nam%2C02-07-16-Dyt_-_panoramio.jpg?utm_source=commons.wikimedia.org&utm_campaign=imageinfo&utm_content=thumbnail,Quần đảo nằm tại An Giang.,"Nguồn: OpenStreetMap, Wikipedia · Ảnh: trungydang, CC BY 3.0, Wikimedia Commons",relation/7138906,vi:Nam Du
An Giang,"Chùa Phật Đà · Mạc Cửu, 3 - Bình San, Hà Tiên, An Giang",Bảo tàng,Dễ,3,10.3867792,104.4835896,https://thumb.wikimedia.org/wikipedia/commons/thumb/8/8b/Ch%C3%B9a_Ph%E1%BA%ADt_%C4%90%C3%A0_-_H%C3%A0_Ti%C3%AAn_%2852351871552%29.jpg/960px-Ch%C3%B9a_Ph%E1%BA%ADt_%C4%90%C3%A0_-_H%C3%A0_Ti%C3%AAn_%2852351871552%29.jpg?utm_source=commons.wikimedia.org&utm_campaign=imageinfo&utm_content=thumbnail,"Ngôi chùa nằm tại Mạc Cửu, 3 - Bình San, Hà Tiên, An Giang.","Nguồn: OpenStreetMap · Ảnh: Kien Mike, Public domain, Wikimedia Commons",node/2326969111,
An Giang,"Hòn Thơm · Phú Quốc, An Giang",Đảo,Dễ,3,9.9543168,104.0178363,https://thumb.wikimedia.org/wikipedia/commons/thumb/d/d3/Cap-treo-hon-thom-4.jpg/960px-Cap-treo-hon-thom-4.jpg?utm_source=commons.wikimedia.org&utm_campaign=imageinfo&utm_content=thumbnail,"Hòn đảo nằm tại Phú Quốc, An Giang.","Nguồn: OpenStreetMap · Ảnh: Vivu Vietnam, CC BY-SA 4.0, Wikimedia Commons",way/10703551,
Bắc Ninh,"Đền Đô · Đường Lý Thái Tổ, Phố Thượng, Từ Sơn, Bắc Ninh",Chùa / đền / nhà thờ,Dễ,8,21.107089,105.9597632,https://thumb.wikimedia.org/wikipedia/commons/thumb/d/d0/%C4%90%E1%BB%81n_%C4%90%C3%B4_%C4%90%C3%ACnh_B%E1%BA%A3ng.jpeg/960px-%C4%90%E1%BB%81n_%C4%90%C3%B4_%C4%90%C3%ACnh_B%E1%BA%A3ng.jpeg?utm_source=commons.wikimedia.org&utm_campaign=imageinfo&utm_content=thumbnail,"Đền Đô, tên chữ là Cổ Pháp điện, còn được gọi là Đền Lý Bát Đế, là một quần thể kiến trúc tín ngưỡng thờ tám vị vua đầu tiên của nhà Lý. Đền Đô đã được Nhà nước Việt Nam công nhận là di tích lịch sử - văn hóa theo Quyết định số 154 của Bộ Văn hóa – Thông tin (nay là Bộ Văn hóa, Thể thao và Du lịch) ngày 25 tháng 1 năm 1991. Năm 2014, nơi đây cùng với khu lăng mộ các Vua nhà Lý đã được xếp hạng di tích quốc gia đặc biệt.","Nguồn: OpenStreetMap, Wikipedia · Ảnh: Truongson78, CC BY-SA 4.0, Wikimedia Commons",way/576742550,vi:Đền Đô
Bắc Ninh,"Chùa Đồng · Đường Tùng, Yên Tử, Uông Bí, Bắc Ninh",Chùa / đền / nhà thờ,Dễ,8,21.1608162,106.714895,https://thumb.wikimedia.org/wikipedia/commons/thumb/5/53/Ch%C3%B9a_%C4%90%E1%BB%93ng%2C_Y%C3%AAn_T%E1%BB%AD_3.jpg/960px-Ch%C3%B9a_%C4%90%E1%BB%93ng%2C_Y%C3%AAn_T%E1%BB%AD_3.jpg?utm_source=commons.wikimedia.org&utm_campaign=imageinfo&utm_content=thumbnail,"Chùa Đồng còn có tên Thiên Trúc tự (天竺寺 - chùa Cõi Phật), là ngôi chùa tọa lạc ở đỉnh cao nhất dãy Yên Tử (1.068m).","Nguồn: OpenStreetMap, Wikipedia · Ảnh: Imgcloud, CC BY-SA 4.0, Wikimedia Commons",way/1020461299,vi:Chùa Đồng
Bắc Ninh,"Làng gốm Phù Lãng · Đường đê Hữu Sông Cầu, Phù Lãng, Bắc Ninh",Điểm tham quan,Dễ,7,21.1498628,106.2554963,https://thumb.wikimedia.org/wikipedia/commons/thumb/e/ec/C%C3%A1nh_%C4%91%E1%BB%93ng_%E1%BB%9F_Qu%E1%BA%BF_V%C3%B5.jpg/960px-C%C3%A1nh_%C4%91%E1%BB%93ng_%E1%BB%9F_Qu%E1%BA%BF_V%C3%B5.jpg?utm_source=commons.wikimedia.org&utm_campaign=imageinfo&utm_content=thumbnail,"Phù Lãng là một phường thuộc thành phố Bắc Ninh, Việt Nam.","Nguồn: OpenStreetMap, Wikipedia · Ảnh: Bangnguyenbn11, CC0, Wikimedia Commons",node/10709724109,vi:Làng gốm Phù Lãng
Bắc Ninh,"Chùa Phật Tích · Đường tỉnh 287, Cảnh Hưng, Phật Tích, Bắc Ninh",Chùa / đền / nhà thờ,Dễ,7,21.0936546,106.0262578,https://thumb.wikimedia.org/wikipedia/commons/thumb/a/a3/Tuongphat.jpg/960px-Tuongphat.jpg?utm_source=commons.wikimedia.org&utm_campaign=imageinfo&utm_content=thumbnail,"Chùa Phật Tích (Phật Tích tự 佛跡寺) còn gọi là chùa Vạn Phúc (Vạn Phúc tự 萬福寺) là một ngôi chùa nằm ở sườn phía Nam núi Phật Tích (còn gọi núi Lạn Kha, non Tiên), xã Phật Tích, thành phố Bắc Ninh. Trong chùa có tượng đức Phật bằng đá thời nhà Lý lớn nhất Việt Nam.","Nguồn: OpenStreetMap, Wikipedia · Ảnh: Photo taken by vi:Casablanca1911 , unknown sculptor(s), Public domain, Wikimedia Commons",node/4172408414,vi:Chùa Phật Tích
Cà Mau,Vườn quốc gia Mũi Cà Mau · Cà Mau,Vườn quốc gia,Trung Bình,8,8.6973996,104.8107995,https://thumb.wikimedia.org/wikipedia/commons/thumb/8/81/Mui_Ca_Mau_005.JPG/960px-Mui_Ca_Mau_005.JPG?utm_source=commons.wikimedia.org&utm_campaign=imageinfo&utm_content=thumbnail,"Vườn quốc gia Mũi Cà Mau là một vườn quốc gia tại xã Đất Mũi, tỉnh Cà Mau. Được thành lập theo quyết định số 142/2003/QĐ-TTg của Thủ tướng chính phủ Cộng hòa Xã hội Chủ nghĩa Việt Nam ngày 14 tháng 7 năm 2003 trên cơ sở nâng cấp khu bảo tồn thiên nhiên Đất Mũi (thành lập theo quyết định số 194/CT, ngày 9 tháng 8 năm 1986).
Ngày 26 tháng 5 năm 2009, cùng với cù lao Chàm, vườn quốc gia này được UNESCO đưa vào danh sách các khu dự trữ sinh quyển.","Website: https://vuonqgmcm.camau.gov.vn/ · Nguồn: OpenStreetMap, Wikipedia · Ảnh: Ctvn wikiviet, Public domain, Wikimedia Commons",relation/7139210,vi:Vườn quốc gia Mũi Cà Mau
Cà Mau,"Vườn quốc gia U Minh Hạ · Khánh An, Cà Mau",Vườn quốc gia,Trung Bình,8,9.2484341,104.9470567,https://thumb.wikimedia.org/wikipedia/commons/thumb/1/1b/Chu%E1%BB%91i_t%E1%BA%A1i_r%E1%BB%ABng_U_Minh_h%E1%BA%A1.jpg/960px-Chu%E1%BB%91i_t%E1%BA%A1i_r%E1%BB%ABng_U_Minh_h%E1%BA%A1.jpg?utm_source=commons.wikimedia.org&utm_campaign=imageinfo&utm_content=thumbnail,"Vườn quốc gia U Minh Hạ thuộc tỉnh Cà Mau. Địa giới hành chính nằm trên xã Khánh Lâm, Khánh An và Đá Bạc. Được thành lập theo quyết định số 112/QĐ-TTg ngày 20 tháng 1 năm 2006 của Thủ tướng chính phủ Cộng hòa Xã hội Chủ nghĩa Việt Nam, trên cơ sở nâng cấp khu bảo tồn thiên nhiên Vồ Dơi.","Website: https://vuonqgumh.camau.gov.vn/ · Nguồn: OpenStreetMap, Wikipedia · Ảnh: TuanUt, CC BY-SA 4.0, Wikimedia Commons",relation/15805643,vi:Vườn quốc gia U Minh Hạ
Cà Mau,"Hòn Chuối · Sông Đốc, Cà Mau",Đảo,Dễ,7,8.9495585,104.5259976,https://upload.wikimedia.org/wikipedia/commons/e/e1/%C4%90%E1%BB%93n_bi%C3%AAn_ph%C3%B2ng_H%C3%B2n_Chu%E1%BB%91i_C%C3%A0_Mau.jpg?utm_source=commons.wikimedia.org&utm_campaign=imageinfo&utm_content=thumbnail_unscaled,"Hòn Chuối là một hòn đảo trong vịnh Thái Lan, thuộc chủ quyền Việt Nam, nằm ngoài khơi phía tây bờ biển Cà Mau.
Đảo thuộc xã Sông Đốc, tỉnh Cà Mau và cách cửa biển Sông Đốc 17 hải lý về phía tây. Đảo có diện tích khoảng 70ha với phần lớn là rừng nguyên sinh.","Nguồn: OpenStreetMap, Wikipedia · Ảnh: Huỳnh Hoàng Nhật Duy, CC BY-SA 4.0, Wikimedia Commons",way/251592759,vi:Hòn Chuối
Cao Bằng,"Núi Thủng · Trà Lĩnh, Cao Bằng",Núi / đỉnh,Trung Bình,8,22.7782145,106.3112857,https://thumb.wikimedia.org/wikipedia/commons/thumb/5/53/Angels_Eye_Mountain_and_Suroundings.jpg/960px-Angels_Eye_Mountain_and_Suroundings.jpg?utm_source=commons.wikimedia.org&utm_campaign=imageinfo&utm_content=thumbnail,"Núi Thủng (tiếng Tày: Phja Piót) là một ngọn núi nhỏ ở Cao Bằng, nằm trong Công viên địa chất Non nước Cao Bằng. Ngọn núi này có một cái hang lớn tên là Phia Lông xuyên qua thân núi, khiến cho ánh sáng Mặt trời khi chiếu vào núi từ bên kia có thể thấy được khi nhìn ở vị trí đối diện. Do đó, nó còn được gọi là núi Mắt Thần.","Nguồn: OpenStreetMap, Wikipedia · Ảnh: Fogylands, CC BY-SA 4.0, Wikimedia Commons",node/13162197540,vi:Núi Thủng
Cao Bằng,"Núi Phja Oắc · Thành Công, Cao Bằng",Núi / đỉnh,Trung Bình,7,22.6153423,105.8635946,https://thumb.wikimedia.org/wikipedia/commons/thumb/d/dc/%C4%90%E1%BB%89nh_n%C3%BAi_Phja_O%E1%BA%AFc.jpg/960px-%C4%90%E1%BB%89nh_n%C3%BAi_Phja_O%E1%BA%AFc.jpg?utm_source=commons.wikimedia.org&utm_campaign=imageinfo&utm_content=thumbnail,"Phja Oắc hay Phia Oắc là đỉnh núi cao thứ hai tại tỉnh Cao Bằng và chỉ xếp sau núi Phja Dạ. Với độ cao 1.931m so với mực nước biển và nằm trên địa phận xã Thành Công, tỉnh Cao Bằng và nằm tại Vườn quốc gia Phja Oắc – Phja Đén.","Nguồn: OpenStreetMap, Wikipedia · Ảnh: Unknown author Unknown author, CC BY 4.0, Wikimedia Commons",node/4751152169,vi:Phja Oắc
Cao Bằng,"Núi Phja Dạ · Sơn Lộ, Cao Bằng",Núi / đỉnh,Trung Bình,7,22.7275849,105.5907636,https://thumb.wikimedia.org/wikipedia/commons/thumb/e/e7/Phja_da_le_phuong_thao_185233697.jpg/960px-Phja_da_le_phuong_thao_185233697.jpg?utm_source=commons.wikimedia.org&utm_campaign=imageinfo&utm_content=thumbnail,"Núi Phja Dạ được coi là nóc nhà của tỉnh Cao Bằng, với độ cao 1.977m so với mực nước biển, nằm trên địa phận xã Sơn Lộ và xã Yên Thổ, tỉnh Cao Bằng.","Nguồn: OpenStreetMap, Wikipedia · Ảnh: Lê Phương Thảo, CC0, Wikimedia Commons",node/11612190719,vi:Phja Dạ
Cao Bằng,"Thác Bản Giốc · Đàm Thủy, Cao Bằng",Thác nước,Trung Bình,4,22.8539003,106.7232867,https://thumb.wikimedia.org/wikipedia/commons/thumb/e/eb/Thac_ban_gioc%2C_Dam_thuy%2C_Trungkhanh%2CCaobang_%2C_Vn_-_panoramio.jpg/960px-Thac_ban_gioc%2C_Dam_thuy%2C_Trungkhanh%2CCaobang_%2C_Vn_-_panoramio.jpg?utm_source=commons.wikimedia.org&utm_campaign=imageinfo&utm_content=thumbnail,"Thác nước nằm tại Đàm Thủy, Cao Bằng.","Nguồn: OpenStreetMap · Ảnh: trungydang, CC BY 3.0, Wikimedia Commons",node/4759574761,
Đắk Lắk,Vườn quốc gia Chư Yang Sin · Đắk Lắk,Vườn quốc gia,Trung Bình,9,12.3769317,108.4296435,https://thumb.wikimedia.org/wikipedia/commons/thumb/3/34/Krongkma4.jpg/960px-Krongkma4.jpg?utm_source=commons.wikimedia.org&utm_campaign=imageinfo&utm_content=thumbnail,Vườn quốc gia Chư Yang Sin là một khu rừng đặc dụng của Việt Nam. Được thành lập theo quyết định số 92/2002/QĐ-TTg ngày 12 tháng 7 năm 2002 của Thủ tướng chính phủ Cộng hòa Xã hội Chủ nghĩa Việt Nam.,"Nguồn: OpenStreetMap, Wikipedia · Ảnh: Dotuanhungdaklak, GFDL, Wikimedia Commons",relation/7143899,vi:Vườn quốc gia Chư Yang Sin
Đắk Lắk,"Vườn quốc gia Yok Đôn · Buôn Đôn, Đắk Lắk",Vườn quốc gia,Trung Bình,8,12.9670529,107.6558786,https://thumb.wikimedia.org/wikipedia/commons/thumb/8/8b/Yokdon7.JPG/960px-Yokdon7.JPG?utm_source=commons.wikimedia.org&utm_campaign=imageinfo&utm_content=thumbnail,"Vườn quốc gia Yok Đôn là một trong những khu rừng đặc dụng lớn nhất Việt Nam, thuộc 2 tỉnh Lâm Đồng và Đắk Lắk.","Website: https://yokdonnationalpark.vn/ · Nguồn: OpenStreetMap, Wikipedia · Ảnh: Đỗ Tuấn Hưng, CC BY-SA 3.0, Wikimedia Commons",relation/15882231,vi:Vườn quốc gia Yok Đôn
Đắk Lắk,"Hồ Lắk · Juin, Liên Sơn Lắk, Đắk Lắk",Hồ,Dễ,8,12.4229593,108.1785158,https://thumb.wikimedia.org/wikipedia/commons/thumb/0/07/LakLake.jpg/960px-LakLake.jpg?utm_source=commons.wikimedia.org&utm_campaign=imageinfo&utm_content=thumbnail,"Hồ Lắk là một hồ nước ngọt tự nhiên lớn nhất tỉnh Đăk Lăk và hồ tự nhiên lớn thứ hai Việt Nam sau Hồ Ba Bể. Xung quanh hồ có những dãy núi lớn được bao phủ bởi các cánh rừng nguyên sinh. Buôn Jun, một buôn làng nổi tiếng của người M'Nông, nằm cạnh hồ này.","Nguồn: OpenStreetMap, Wikipedia · Ảnh: Doron, CC BY-SA 3.0, Wikimedia Commons",relation/7074662,vi:Hồ Lắk
Đắk Lắk,"Vịnh Xuân Đài · Phú Một, Sông Cầu, Đắk Lắk",Thiên nhiên,Trung Bình,7,13.4243573,109.2553618,https://thumb.wikimedia.org/wikipedia/commons/thumb/b/b9/Xuan_Dai_Bay%2C_Phu_Yen%2C_Vietnam.JPG/960px-Xuan_Dai_Bay%2C_Phu_Yen%2C_Vietnam.JPG?utm_source=commons.wikimedia.org&utm_campaign=imageinfo&utm_content=thumbnail,"Vịnh Xuân Đài là một vịnh nhỏ nằm dưới chân dốc Găng thuộc địa phận của phường Xuân Đài và Sông Cầu, tỉnh Đắk Lắk, Việt Nam.","Nguồn: OpenStreetMap, Wikipedia · Ảnh: Nguyễn Đông Sơn at Vietnamese Wikipedia, CC BY-SA 3.0, Wikimedia Commons",relation/16028816,vi:Vịnh Xuân Đài
Đắk Lắk,"Tháp Nhạn · Bạch Đằng, Tuy Hòa, Đắk Lắk",Di tích lịch sử,Dễ,7,13.0823143,109.3015984,https://thumb.wikimedia.org/wikipedia/commons/thumb/e/e3/Thap_Nhan_Hindu_temple%2C_Tuy_Hoa%2C_Phu_Yen_province%2C_Vietnam_15.jpg/960px-Thap_Nhan_Hindu_temple%2C_Tuy_Hoa%2C_Phu_Yen_province%2C_Vietnam_15.jpg?utm_source=commons.wikimedia.org&utm_campaign=imageinfo&utm_content=thumbnail,"Tháp Nhạn, trong tiếng Ê-Đê và Jarai gọi là Yang Kơ Hmeng, là một tháp Chăm nằm trên núi Nhạn thuộc phường Tuy Hòa, tỉnh Đắk Lắk.
Tháp được người Chăm sinh sống ở lưu vực châu thổ sông Ba xây dựng nên vào khoảng thế kỉ 12.
Tháp có hình tứ giác với 4 tầng, càng lên cao càng thu nhỏ lại so với tầng dưới, nhưng vẫn theo phong cách tầng dưới.","Giờ mở cửa: hằng ngày 06:00-22:00 · Nguồn: OpenStreetMap, Wikipedia · Ảnh: Ms Sarah Welch, CC0, Wikimedia Commons",node/4674771389,vi:Tháp Nhạn
Đắk Lắk,"Chùa Phổ Minh · 68 Nguyễn Cư Trinh, Tổ dân phố 12, Buôn Ma Thuột, Đắk Lắk",Chùa / đền / nhà thờ,Dễ,7,12.6729434,108.0475138,https://thumb.wikimedia.org/wikipedia/commons/thumb/3/3d/Phominhbmt1.jpg/960px-Phominhbmt1.jpg?utm_source=commons.wikimedia.org&utm_campaign=imageinfo&utm_content=thumbnail,"Chùa Phổ Minh là một ngôi chùa được xem là ngôi chùa lớn tại tỉnh Đắk Lắk. Chùa tọa lạc tại số 68 đường Nguyễn Cư Trinh, phường Buôn Ma Thuột, tỉnh Đăk Lăk.","Nguồn: OpenStreetMap, Wikipedia · Ảnh: Group7KeToanK10DHTN, CC BY-SA 3.0, Wikimedia Commons",node/2496222813,vi:Chùa Phổ Minh (Buôn Ma Thuột)
Đắk Lắk,"Chùa Khải Đoan · Phan Bội Châu, Tổ dân phố 9, Buôn Ma Thuột, Đắk Lắk",Chùa / đền / nhà thờ,Dễ,7,12.6819626,108.0388646,https://thumb.wikimedia.org/wikipedia/commons/thumb/0/02/Khaidoan.jpg/960px-Khaidoan.jpg?utm_source=commons.wikimedia.org&utm_campaign=imageinfo&utm_content=thumbnail,"Chùa Khải Đoan (tên đầy đủ là Chùa sắc tứ Khải Đoan (chữ Hán: 敕賜啟端寺, phiên âm: Sắc tứ Khải Đoan tự)) là ngôi chùa lớn nhất ở phường Buôn Ma Thuột, tỉnh Đắk Lắk, Việt Nam. Đây cũng là ngôi chùa lần đầu tiên được xây dựng ở Cao Nguyên. Tên gọi Khải Đoan là ghép từ tên vua Khải Định và vợ ông là Đoan Huy hoàng hậu.","Nguồn: OpenStreetMap, Wikipedia · Ảnh: DXLINH, Public domain, Wikimedia Commons",way/241740050,vi:Chùa Khải Đoan
Đắk Lắk,"Đầm Ô Loan · Tân Lập, Ô Loan, Đắk Lắk",Hồ,Dễ,7,13.2867039,109.2709737,https://thumb.wikimedia.org/wikipedia/commons/thumb/7/70/%C4%90%E1%BA%A7m_%C3%94_Loan%2C_An_Hi%E1%BB%87p%2C_Tuy_An%2C_Ph%C3%BA_Y%C3%AAn.jpeg/960px-%C4%90%E1%BA%A7m_%C3%94_Loan%2C_An_Hi%E1%BB%87p%2C_Tuy_An%2C_Ph%C3%BA_Y%C3%AAn.jpeg?utm_source=commons.wikimedia.org&utm_campaign=imageinfo&utm_content=thumbnail,"Đầm Ô Loan là một đầm ở Đắk Lắk, đây là một thắng cảnh cấp quốc gia của Việt Nam, một danh lam tiêu biểu của tỉnh.","Nguồn: OpenStreetMap, Wikipedia · Ảnh: Linhcandng, CC BY-SA 3.0, Wikimedia Commons",way/52577929,vi:Đầm Ô Loan
Đắk Lắk,"Bãi Môn · Hòa Xuân, Đắk Lắk",Bãi biển,Dễ,4,12.8967763,109.4518949,https://thumb.wikimedia.org/wikipedia/commons/thumb/e/ed/Landscape_near_Bai_Mon_Beach.jpg/960px-Landscape_near_Bai_Mon_Beach.jpg?utm_source=commons.wikimedia.org&utm_campaign=imageinfo&utm_content=thumbnail,"Bãi biển nằm tại Hòa Xuân, Đắk Lắk.","Nguồn: OpenStreetMap · Ảnh: Christophe95, CC BY-SA 4.0, Wikimedia Commons",way/160203374,
Đồng Nai,"Vườn quốc gia Cát Tiên · Tổ dân phố 3, Cát Tiên, Đồng Nai",Vườn quốc gia,Trung Bình,9,11.5755021,107.3606482,https://thumb.wikimedia.org/wikipedia/commons/thumb/1/18/Cat_Tien_National_Park%2C_Vietnam.jpg/960px-Cat_Tien_National_Park%2C_Vietnam.jpg?utm_source=commons.wikimedia.org&utm_campaign=imageinfo&utm_content=thumbnail,"Vườn quốc gia Cát Tiên là một khu bảo tồn thiên nhiên, vườn quốc gia tại Việt Nam. Nó nằm trên địa bàn Thành phố Đồng Nai, cách Thành phố Hồ Chí Minh 150 km về phía bắc. Điểm đặc trưng của vườn quốc gia này là rừng đất thấp ẩm ướt nhiệt đới.","Website: https://cattiennationalpark.com.vn/ · Nguồn: OpenStreetMap, Wikipedia · Ảnh: Vyacheslav Argenberg, CC BY 2.0, Wikimedia Commons",relation/7090891,vi:Vườn quốc gia Cát Tiên
Đồng Nai,Núi Bà Rá · Đồng Nai,Núi / đỉnh,Dễ,8,11.8175283,106.9998839,https://thumb.wikimedia.org/wikipedia/commons/thumb/e/ed/C%C3%A1p_Treo_B%C3%A0_R%C3%A1_-_panoramio_%281%29.jpg/960px-C%C3%A1p_Treo_B%C3%A0_R%C3%A1_-_panoramio_%281%29.jpg?utm_source=commons.wikimedia.org&utm_campaign=imageinfo&utm_content=thumbnail,"Núi Bà Rá là một ngọn núi nằm trên địa phận phường Phước Long, thành phố Đồng Nai và miền Đông Nam Bộ, Việt Nam, cách Thành phố Hồ Chí Minh 160 km về phía tây bắc. Đây là ngọn núi cao thứ 3 ở Nam Bộ.","Nguồn: OpenStreetMap, Wikipedia · Ảnh: Lam Tr Th, CC BY-SA 3.0, Wikimedia Commons",node/3235595512,vi:Núi Bà Rá
Đồng Nai,"Cù Lao Phố · Trấn Biên, Đồng Nai",Đảo,Dễ,7,10.9316206,106.8377703,https://thumb.wikimedia.org/wikipedia/commons/thumb/9/9d/M%E1%BB%99t_nh%C3%A1nh_s%C3%B4ng_%C4%90%E1%BB%93ng_Nai_ch%E1%BA%A3y_qua_c%C3%B9_lao_Ph%E1%BB%91.jpg/960px-M%E1%BB%99t_nh%C3%A1nh_s%C3%B4ng_%C4%90%E1%BB%93ng_Nai_ch%E1%BA%A3y_qua_c%C3%B9_lao_Ph%E1%BB%91.jpg?utm_source=commons.wikimedia.org&utm_campaign=imageinfo&utm_content=thumbnail,"Cù lao Phố là một cù lao được bao bọc bởi hai nhánh của sông Đồng Nai, về mặt hành chính thuộc phường Trấn Biên, thành phố Đồng Nai, Việt Nam.","Nguồn: OpenStreetMap, Wikipedia · Ảnh: Bùi Thụy Đào Nguyên, CC BY-SA 3.0, Wikimedia Commons",relation/13554318,vi:Cù lao Phố
Đồng Nai,"Thác Giang Điền · An Viễn, Đồng Nai",Thác nước,Trung Bình,5,10.9141723,106.9936506,https://thumb.wikimedia.org/wikipedia/commons/thumb/6/61/Giang_Dien_Waterfall.JPG/960px-Giang_Dien_Waterfall.JPG?utm_source=commons.wikimedia.org&utm_campaign=imageinfo&utm_content=thumbnail,"Thác nước nằm tại An Viễn, Đồng Nai.","Nguồn: OpenStreetMap · Ảnh: Prenn, CC BY-SA 3.0, Wikimedia Commons",node/9216777055,
Đồng Tháp,"Vườn quốc gia Tràm Chim · Tam Nông, Đồng Tháp",Vườn quốc gia,Trung Bình,9,10.7271848,105.536173,https://thumb.wikimedia.org/wikipedia/commons/thumb/f/fa/%C4%90%E1%BB%93ng_c%E1%BB%8F_v%C3%A0_chim_n%C6%B0%E1%BB%9Bc.jpg/960px-%C4%90%E1%BB%93ng_c%E1%BB%8F_v%C3%A0_chim_n%C6%B0%E1%BB%9Bc.jpg?utm_source=commons.wikimedia.org&utm_campaign=imageinfo&utm_content=thumbnail,"Vườn quốc gia Tràm Chim thuộc tỉnh Đồng Tháp là một khu đất ngập nước, được xếp trong hệ thống rừng đặc dụng của Việt Nam. Nơi đây có nhiều loài chim quý, đặc biệt là sếu đầu đỏ, một loài chim cực kỳ quý hiếm, có tên trong sách đỏ.","Website: https://vqgtc.dongthap.gov.vn/ · Nguồn: OpenStreetMap, Wikipedia · Ảnh: Quoilp at Vietnamese Wikipedia, CC BY-SA 3.0, Wikimedia Commons",relation/7146562,vi:Vườn quốc gia Tràm Chim
Đồng Tháp,"Hội Phước Tự · Khu đô thị Lai Vung, Tân Bình, Lai Vung, Đồng Tháp",Chùa / đền / nhà thờ,Dễ,8,10.2593612,105.5854047,https://thumb.wikimedia.org/wikipedia/commons/thumb/9/91/Hoi_Phuoc_Temple.jpg/960px-Hoi_Phuoc_Temple.jpg?utm_source=commons.wikimedia.org&utm_campaign=imageinfo&utm_content=thumbnail,"Chùa Hội Phước hay Hội Phước Tự là một ngôi chùa cổ ở Ấp Tân Bình, xã Lai Vung, tỉnh Đồng Tháp. Được xây dựng năm 1841 thời vua Thiệu Trị, do Hòa thượng Thích Hoằng Ân khai sơn.","Nguồn: OpenStreetMap, Wikipedia · Ảnh: Duong Dang Khoi, CC BY-SA 4.0, Wikimedia Commons",node/6484025665,vi:Chùa Hội Phước
Đồng Tháp,"Khu du lịch Quýt Hồng Lai Vung · Lai Vung, Đồng Tháp",Điểm tham quan,Dễ,7,10.2778009,105.6079257,https://thumb.wikimedia.org/wikipedia/commons/thumb/a/a8/Qu%C3%BDt_h%E1%BB%93ng_Lai_Vung_%2840232694941%29.jpg/960px-Qu%C3%BDt_h%E1%BB%93ng_Lai_Vung_%2840232694941%29.jpg?utm_source=commons.wikimedia.org&utm_campaign=imageinfo&utm_content=thumbnail,"Quýt hồng là một giống quýt đặc sản được trồng chủ yếu tại tỉnh Đồng Tháp, Việt Nam. Quýt hồng là một trong những đặc sản trái cây nổi tiếng ở khu vực đồng bằng sông Cửu Long. Với những đặc điểm riêng biệt về hương vị, màu sắc cũng như các đặc tính của quả, khiến cho quýt hồng ngày nay trở nên nổi tiếng khắp toàn quốc và xuất khẩu sang một số quốc gia.","Nguồn: OpenStreetMap, Wikipedia · Ảnh: Tran Anh Khoa (zorrotran), CC BY-SA 2.0, Wikimedia Commons",way/1430586858,vi:Quýt hồng
Gia Lai,"Tháp Đôi · Tổ dân phố 20, Quy Nhơn, Gia Lai",Di tích lịch sử,Dễ,7,13.7862534,109.2110825,https://thumb.wikimedia.org/wikipedia/commons/thumb/4/43/Th%C3%A1p_%C4%90%C3%B4i%2C_Quy_Nh%C6%A1n_-_43083336701.jpg/960px-Th%C3%A1p_%C4%90%C3%B4i%2C_Quy_Nh%C6%A1n_-_43083336701.jpg?utm_source=commons.wikimedia.org&utm_campaign=imageinfo&utm_content=thumbnail,"Tháp Đôi hay còn có tên là Tháp Hưng Thạnh còn trong tiếng J'rai gọi là SRI BANOI là khu tháp của Chăm Pa gồm có hai tháp là tháp phía bắc và tháp phía nam cạnh nhau hiện nằm ở phường Quy Nhơn, tỉnh Gia Lai, Việt Nam.","Nguồn: OpenStreetMap, Wikipedia · Ảnh: Minh Khiem, CC0, Wikimedia Commons",node/1534828632,vi:Tháp Đôi
Gia Lai,"Tháp Cánh Tiên · Nam Tân, An Nhơn, TDP Nam Phương Danh, Gia Lai",Di tích lịch sử,Dễ,7,13.9287149,109.07512,https://thumb.wikimedia.org/wikipedia/commons/thumb/2/25/0040423_Thap_Canh_Tien_Cham_Hindu_temple%2C_Binh_Dinh_Vietnam_021.jpg/960px-0040423_Thap_Canh_Tien_Cham_Hindu_temple%2C_Binh_Dinh_Vietnam_021.jpg?utm_source=commons.wikimedia.org&utm_campaign=imageinfo&utm_content=thumbnail,"Tháp Cánh Tiên còn có tên gọi là tháp Đồng là một ngôi tháp nằm ở chính giữa thành Đồ Bàn xưa, nay thuộc phường An Nhơn, tỉnh Gia Lai.","Giờ mở cửa: hằng ngày 07:30-11:00, 14:00-16:30 · Nguồn: OpenStreetMap, Wikipedia · Ảnh: Ms Sarah Welch, CC0, Wikimedia Commons",node/4524518293,vi:Tháp Cánh Tiên
Gia Lai,"Tháp Phú Lốc · Phạm Hùng, An Nhơn Bắc, TDP Phú Thành, Gia Lai",Di tích lịch sử,Dễ,7,13.9546021,109.0895925,https://thumb.wikimedia.org/wikipedia/commons/thumb/9/9f/0040423_Thap_Phu_Loc%2C_Cham_Hindu_temple%2C_Nhon_Thanh_Vietnam_019.jpg/960px-0040423_Thap_Phu_Loc%2C_Cham_Hindu_temple%2C_Nhon_Thanh_Vietnam_019.jpg?utm_source=commons.wikimedia.org&utm_campaign=imageinfo&utm_content=thumbnail,"Tháp Phú Lốc còn có tên gọi là tháp Thốc Lốc, tháp Phốc Lốc, hay tháp Vàng (Tour d'Or) như những nhà nghiên cứu người Pháp đã gọi là một ngôi tháp Chăm Pa cổ hiện còn tồn tại tại làng Phú Thành, Phường An Nhơn Bắc, tỉnh Gia Lai.","Nguồn: OpenStreetMap, Wikipedia · Ảnh: Ms Sarah Welch, CC0, Wikimedia Commons",node/4524565893,vi:Tháp Phú Lốc
Gia Lai,"Tháp Bình Lâm · Đường tỉnh 636, Thôn Lương Quang, Phước Quang, Tuy Phước Bắc, Gia Lai",Di tích lịch sử,Dễ,7,13.890304,109.1854851,https://thumb.wikimedia.org/wikipedia/commons/thumb/a/af/Th%C3%A1p_B%C3%ACnh_L%C3%A2m%2C_Tuy_Phong%2C_B%C3%ACnh_%C4%90%E1%BB%8Bnh.JPG/960px-Th%C3%A1p_B%C3%ACnh_L%C3%A2m%2C_Tuy_Phong%2C_B%C3%ACnh_%C4%90%E1%BB%8Bnh.JPG?utm_source=commons.wikimedia.org&utm_campaign=imageinfo&utm_content=thumbnail,"Tháp Bình Lâm là một ngôi tháp cổ Chăm Pa tại thôn Bình Lâm, xã Tuy Phước Đông, tỉnh Gia Lai.
Đây là một ngôi tháp tương đối đặc biệt ở Gia Lai, vì khác với các tháp khác nằm trên đồi thì tháp Bình Lâm nằm ngay trên đồng bằng và như hoà mình vào thiên nhiên và khu dân cư bao quanh.","Nguồn: OpenStreetMap, Wikipedia · Ảnh: Nguyễn Đông Sơn at Vietnamese Wikipedia, CC BY-SA 3.0, Wikimedia Commons",node/7526654986,vi:Tháp Bình Lâm
Gia Lai,"Tháp Bánh Ít · Thôn Phú Mỹ 1, Phước Lộc, Phước Lộc, Tuy Phước, Gia Lai",Di tích lịch sử,Dễ,7,13.8684375,109.1351858,https://thumb.wikimedia.org/wikipedia/commons/thumb/a/af/0040323_Thap_Banh_It_complex%2C_Nhon_Hoa%2C_Binh_Dinh_Vietnam_001.jpg/960px-0040323_Thap_Banh_It_complex%2C_Nhon_Hoa%2C_Binh_Dinh_Vietnam_001.jpg?utm_source=commons.wikimedia.org&utm_campaign=imageinfo&utm_content=thumbnail,"Tháp Bánh Ít còn có tên gọi là tháp Bạc còn trong tiếng J'rai là YANG MTIAN là một cụm các tháp cổ Chăm Pa, hiện nay nằm trên một ngọn đồi tại thôn Đại Lộc, xã Tuy Phước Bắc, tỉnh Gia Lai. Kiến trúc tháp thuộc phong cách chuyển tiếp từ phong cách Mỹ Sơn A1 sang phong cách Bình Định.","Nguồn: OpenStreetMap, Wikipedia · Ảnh: Ms Sarah Welch, CC0, Wikimedia Commons",way/677227553,vi:Tháp Bánh Ít
Gia Lai,Đầm Thị Nại · Gia Lai,Hồ,Dễ,7,13.8377531,109.2509339,https://thumb.wikimedia.org/wikipedia/commons/thumb/9/91/DamThiNai.jpg/960px-DamThiNai.jpg?utm_source=commons.wikimedia.org&utm_campaign=imageinfo&utm_content=thumbnail,"Đầm Thị Nại là một đầm nước mặn nằm trên nằm ở phía Đông Nam tỉnh Gia Lai, Việt Nam.","Nguồn: OpenStreetMap, Wikipedia · Ảnh: Lê Thy, CC BY 3.0, Wikimedia Commons",relation/7068594,vi:Đầm Thị Nại
Hà Tĩnh,"Vũng Áng · Kỳ Anh, Hà Tĩnh",Thiên nhiên,Trung Bình,7,18.1094839,106.3952635,https://thumb.wikimedia.org/wikipedia/commons/thumb/9/9b/C%E1%BA%A3ng_Ho%C3%A0nh_S%C6%A1n%2C_V%C5%A9ng_%C3%81ng%2C_H%C3%A0_T%C4%A9nh.jpeg/960px-C%E1%BA%A3ng_Ho%C3%A0nh_S%C6%A1n%2C_V%C5%A9ng_%C3%81ng%2C_H%C3%A0_T%C4%A9nh.jpeg?utm_source=commons.wikimedia.org&utm_campaign=imageinfo&utm_content=thumbnail,"Vũng Áng là một vũng biển ở phía nam tỉnh Hà Tĩnh, Việt Nam.","Nguồn: OpenStreetMap, Wikipedia · Ảnh: Linhcandng, CC BY-SA 3.0, Wikimedia Commons",node/11012723458,vi:Vũng Áng
Khánh Hoà,Vườn quốc gia Núi Chúa · Khánh Hoà,Vườn quốc gia,Trung Bình,9,11.7016919,109.1493763,https://thumb.wikimedia.org/wikipedia/commons/thumb/c/c0/Turtle_Nesting_Beach%2C_Nui_Chua_National_Park.jpg/960px-Turtle_Nesting_Beach%2C_Nui_Chua_National_Park.jpg?utm_source=commons.wikimedia.org&utm_campaign=imageinfo&utm_content=thumbnail,"Vườn quốc gia Núi Chúa là một vườn quốc gia tại tỉnh Khánh Hòa, Việt Nam được thành lập vào năm 2003 theo Quyết định số 134/2003/QĐ-TTg của Thủ tướng Chính phủ Cộng hòa Xã hội Chủ nghĩa Việt Nam ngày 9 tháng 7 năm 2003. Ngày 14 tháng 4 năm 2021, vườn quốc gia này đã được UNESCO công nhận là Khu dự trữ sinh quyển thế giới với diện tích là 106.600 hecta cùng với Khu dự trữ sinh quyển Kon Hà Nừng.","Website: http://vqgnuichua.vn/ · Nguồn: OpenStreetMap, Wikipedia · Ảnh: Suriya Vij, Public domain, Wikimedia Commons",relation/7145765,vi:Vườn quốc gia Núi Chúa
Khánh Hoà,Vĩnh Hy · Khánh Hoà,Thiên nhiên,Trung Bình,8,11.7164989,109.2019756,https://thumb.wikimedia.org/wikipedia/commons/thumb/7/78/Vinh_hy_bay.jpg/960px-Vinh_hy_bay.jpg?utm_source=commons.wikimedia.org&utm_campaign=imageinfo&utm_content=thumbnail,"Vịnh Vĩnh Hy, tên khác là Vũng Găng, là một vịnh nhỏ nằm ở xã Vĩnh Hải, tỉnh Khánh Hòa, Việt Nam.","Nguồn: OpenStreetMap, Wikipedia · Ảnh: Karel Bilek, CC BY-SA 4.0, Wikimedia Commons",node/4784176962,vi:Vịnh Vĩnh Hy
Khánh Hoà,Vịnh Cam Ranh · Khánh Hoà,Thiên nhiên,Trung Bình,8,11.9003503,109.1639411,https://thumb.wikimedia.org/wikipedia/commons/thumb/a/a4/NGOC_SUONG_RESORT%2CCAM_RANH%2CKHANH_HOA_-_panoramio.jpg/960px-NGOC_SUONG_RESORT%2CCAM_RANH%2CKHANH_HOA_-_panoramio.jpg?utm_source=commons.wikimedia.org&utm_campaign=imageinfo&utm_content=thumbnail,"Vịnh Cam Ranh là một vịnh nước sâu ở Việt Nam, thuộc phường Ba Ngòi, Cam Linh, Cam Ranh, Bắc Cam Ranh và xã Nam Cam Ranh, tỉnh Khánh Hòa. Vịnh này thường được xem là bến nước sâu tốt nhất Đông Nam Á, thích hợp làm nơi tàu bè trú ẩn khi biển động. Vì địa thế chiến lược mà Cam Ranh được sự chú ý quân sự qua nhiều thời kỳ.","Nguồn: OpenStreetMap, Wikipedia · Ảnh: pqthong0911, CC BY 3.0, Wikimedia Commons",relation/16028844,vi:Vịnh Cam Ranh
Khánh Hoà,Vườn quốc gia Phước Bình · Khánh Hoà,Vườn quốc gia,Trung Bình,8,12.0702983,108.7413176,https://thumb.wikimedia.org/wikipedia/commons/thumb/e/ef/Phuoc_Binh_from_National_Parks_office.jpg/960px-Phuoc_Binh_from_National_Parks_office.jpg?utm_source=commons.wikimedia.org&utm_campaign=imageinfo&utm_content=thumbnail,"Vườn quốc gia Phước Bình thuộc xã Bác Ái Tây, tỉnh Khánh Hòa. Thành lập theo Quyết định số 822/QĐ-TTg ngày 8 tháng 6 năm 2006 do phó thủ tướng Nguyễn Tấn Dũng ký quyết định chuyển Khu bảo tồn thiên nhiên Phước Bình thành Vườn quốc gia Phước Bình trong hệ thống các khu rừng đặc dụng của Việt Nam.","Website: http://www.vqgphuocbinh.org.vn/ · Nguồn: OpenStreetMap, Wikipedia · Ảnh: Sv00, Public domain, Wikimedia Commons",relation/7145864,vi:Vườn quốc gia Phước Bình
Khánh Hoà,"Chùa Long Sơn · Tây Nha Trang, Nha Trang, Khánh Hoà",Chùa / đền / nhà thờ,Dễ,8,12.251258,109.1805557,https://thumb.wikimedia.org/wikipedia/commons/thumb/3/3b/Long-S%C6%A1n-Pagoda_Temple.JPG/960px-Long-S%C6%A1n-Pagoda_Temple.JPG?utm_source=commons.wikimedia.org&utm_campaign=imageinfo&utm_content=thumbnail,"Chùa Long Sơn là một ngôi chùa Phật giáo ở thành phố Nha Trang, vùng duyên hải Nam Trung Bộ. Đây được xem là một trong những điểm tham quan chính của thành phố, cùng với chùa Hải Đức.","Nguồn: OpenStreetMap, Wikipedia · Ảnh: Nonvolatil, CC BY-SA 3.0, Wikimedia Commons",way/196896036,en:Long Sơn Temple
Khánh Hoà,"Tháp Po Nagar · Cầu Xóm Bóng, Bắc Nha Trang, Khánh Hoà",Di tích lịch sử,Dễ,7,12.2652869,109.1951363,https://thumb.wikimedia.org/wikipedia/commons/thumb/b/b0/Ganesh_Tempel_Po_Nagar_Nha_Trang.jpg/960px-Ganesh_Tempel_Po_Nagar_Nha_Trang.jpg?utm_source=commons.wikimedia.org&utm_campaign=imageinfo&utm_content=thumbnail,"Yang Po Inư Nagar hay Yang Pô Ana Gar (Inư, Ana trong tiếng Chăm, Eđê, Jarai theo âm cổ gốc có nghĩa là Mẹ) (tên đầy đủ là Po Inư Nagar, hay còn gọi là Po ANagar) là ngôi đền Chăm Pa nằm trên đỉnh một ngọn đồi nhỏ cao khoảng 10-12 mét so với mực nước biển, ở cửa sông Cái (sông Nha Trang) tại phường Bắc Nha Trang, tỉnh Khánh Hòa cách trung tâm phường Nha Trang khoảng 2 km về phía bắc. Tên gọi ""Tháp Po Nagar"" được dùng để chỉ chung cả công trình kiến trúc này, nhưng thực ra nó là tên của ngọn tháp lớn nhất cao khoảng 23 mét. Ngôi đền này được xây dựng trong thời kỳ đạo Hindu (Ấn Độ giáo) đang cường thịnh khi Chăm Pa trong giai đoạn có tên gọi là Hoàn Vương quốc, vì thế tượng nữ thần có hình dạng của Uma, vợ của Shiva.","Nguồn: OpenStreetMap, Wikipedia · Ảnh: Tervlugt, CC BY 3.0, Wikimedia Commons",way/146780347,vi:Tháp Po Nagar
Khánh Hoà,"Tháp Po Klong Garai · Bác Ái, Đô Vinh, Phan Rang – Tháp Chàm, Khánh Hoà",Di tích lịch sử,Dễ,7,11.6018269,108.9464297,https://thumb.wikimedia.org/wikipedia/commons/thumb/4/4f/Po_Klong_Garai.jpg/960px-Po_Klong_Garai.jpg?utm_source=commons.wikimedia.org&utm_campaign=imageinfo&utm_content=thumbnail,"Tháp Po Klong Garai là tên gọi chung cho một cụm tháp Chăm hùng vĩ và đẹp nhất còn lại ở Việt Nam, phụng thờ vua Po Klong Garai. Tháp Pô Klong Garai là một tổng thể gồm ba tháp: tháp chính (cao 20,5m), tháp lửa (cao 9,31m), tháp cổng (cao 8,56m). Công trình này có trình độ kiến trúc, nghệ thuật, điêu khắc đạt đến đỉnh cao.","Nguồn: OpenStreetMap, Wikipedia · Ảnh: Andre Lettau, GFDL 1.2, Wikimedia Commons",way/804729100,vi:Tháp Po Klong Garai
Khánh Hoà,"Đầm Nại · Ninh Chử, Khánh Hoà",Hồ,Dễ,7,11.6147816,109.0315854,https://thumb.wikimedia.org/wikipedia/commons/thumb/0/02/%C4%90%E1%BA%A7m_N%E1%BA%A1i%2C_Ninh_Thu%E1%BA%ADn.jpg/960px-%C4%90%E1%BA%A7m_N%E1%BA%A1i%2C_Ninh_Thu%E1%BA%ADn.jpg?utm_source=commons.wikimedia.org&utm_campaign=imageinfo&utm_content=thumbnail,"Đầm Nại là một đầm nước thông ra vịnh Phan Rang thuộc Biển Đông tại tỉnh Khánh Hòa, Việt Nam.
Đây là một trong 12 hệ đầm phá ven biển điển hình của miền Trung Việt Nam, có diện tích thường xuyên ngập nước khoảng 700 ha và diện tích ngập nước theo thủy triều khoảng trên 400 ha. Vào những năm 1980, khu vực này có khoảng 300 ha rừng ngập mặn với các loài như đước đôi, đước vòi, đưng, sú đỏ, dà vôi, mắm...","Nguồn: OpenStreetMap, Wikipedia · Ảnh: Windrain, CC BY-SA 4.0, Wikimedia Commons",way/632145334,vi:Đầm Nại
Khánh Hoà,"Đầm Thủy Triều · Cam Đức, Khánh Hoà",Hồ,Dễ,7,12.0493735,109.1827433,https://thumb.wikimedia.org/wikipedia/commons/thumb/6/6c/Long_H%E1%BB%93_-_panoramio.jpg/960px-Long_H%E1%BB%93_-_panoramio.jpg?utm_source=commons.wikimedia.org&utm_campaign=imageinfo&utm_content=thumbnail,"Đầm Thủy Triều là một đầm nước thông ra vịnh Cam Ranh tại tỉnh Khánh Hòa, Việt Nam.
Đầm này chạy dài từ chân núi Cù Hin đến Mỹ Ca, dài khoảng 16 km và có bề ngang hẹp. Diện tích mặt nước của đầm khoảng 2.000 ha và độ sâu trung bình rất nông, chỉ khoảng 1–3 m.","Nguồn: OpenStreetMap, Wikipedia · Ảnh: Dinh Ngoc Binh, CC BY-SA 3.0, Wikimedia Commons",relation/21291695,vi:Đầm Thủy Triều
Khánh Hoà,"Đảo Bình Ba · Cam Ranh, Khánh Hoà",Đảo,Dễ,7,11.8399767,109.2365138,https://thumb.wikimedia.org/wikipedia/commons/thumb/5/56/B%C3%ACnh_Ba_Island.jpg/960px-B%C3%ACnh_Ba_Island.jpg?utm_source=commons.wikimedia.org&utm_campaign=imageinfo&utm_content=thumbnail,"Bình Ba là một đảo nhỏ diện tích trên 3 km², năm trong địa phận thuộc xã Nam Cam Ranh, tỉnh Khánh Hòa, Việt Nam. Đảo nằm trong vịnh Cam Ranh, cách phường Nha Trang khoảng 60 km về phía nam, cách cảng Ba Ngòi 15 km về phía đông.
Đảo Bình Ba là một trong Tứ Bình (đảo Bình Hưng, bãi biển Bình Lập, Bình Tiên và đảo Bình Ba - khu du lịch biển còn mang vẻ đẹp hoang sơ ở Khánh Hòa, còn được mệnh danh là Maldives của Việt Nam hay đảo tôm hùm).","Nguồn: OpenStreetMap, Wikipedia · Ảnh: Violetbonmua, CC BY-SA 3.0, Wikimedia Commons",way/141722627,vi:Đảo Bình Ba
Khánh Hoà,"Hòn Đỏ · Bắc Nha Trang, Khánh Hoà",Đảo,Dễ,7,12.2665607,109.2084421,https://thumb.wikimedia.org/wikipedia/commons/thumb/8/8d/Do_Island_2.JPG/960px-Do_Island_2.JPG?utm_source=commons.wikimedia.org&utm_campaign=imageinfo&utm_content=thumbnail,"Hòn Đỏ là một đảo nhỏ cách đất liền 500 m thuộc phường Bắc Nha Trang, tỉnh Khánh Hòa, Việt Nam. Trên đảo có một ngôi chùa duy nhất là chùa Từ Tôn được cấp phép xây dựng 900m2. Theo cáo buộc, những người sống ở chùa Từ Tôn đã có hành vi xâm phạm trái phép di tích Hòn Đỏ.","Nguồn: OpenStreetMap, Wikipedia · Ảnh: AlleinStein, CC BY-SA 3.0, Wikimedia Commons",way/265148348,vi:Hòn Đỏ (Nha Trang)
Khánh Hoà,"Hòn Tre · Nha Trang, Khánh Hoà",Đảo,Dễ,7,12.2083425,109.283049,https://thumb.wikimedia.org/wikipedia/commons/thumb/d/d6/Hanging_cabins_to_Vinpearland.jpg/960px-Hanging_cabins_to_Vinpearland.jpg?utm_source=commons.wikimedia.org&utm_campaign=imageinfo&utm_content=thumbnail,"Đảo Hòn Tre là đảo lớn nhất nằm trong vịnh Nha Trang. Đảo có diện tích trên 32,50 km², cách thành phố Nha Trang 5 km về phía Đông và cách cảng Cầu Đá 3,5 km, cư dân chủ yếu là khách du lịch và ngư dân. Theo ước tính dân số thường trú trên đảo khoảng trên 1.500 người tập trung ở 2 thôn lớn là Bích Đầm và Vũng Ngán.","Nguồn: OpenStreetMap, Wikipedia · Ảnh: Jame Healy, CC BY-SA 2.0, Wikimedia Commons",way/753516951,vi:Hòn Tre (Khánh Hòa)
Khánh Hoà,"Hòn Chồng · Nguyễn Đình Chiểu, Bắc Nha Trang, Nha Trang, Khánh Hoà",Bảo tàng,Dễ,4,12.2719555,109.2059818,https://thumb.wikimedia.org/wikipedia/commons/thumb/c/c7/Hon_Chong_from_Co_Tien_beach.JPG/960px-Hon_Chong_from_Co_Tien_beach.JPG?utm_source=commons.wikimedia.org&utm_campaign=imageinfo&utm_content=thumbnail,"Hòn đảo nằm tại Nguyễn Đình Chiểu, Bắc Nha Trang, Nha Trang, Khánh Hoà.","Giờ mở cửa: hằng ngày 09:00-18:00 · Giá vé: 30 VND · Nguồn: OpenStreetMap · Ảnh: Vinhtantran, CC BY-SA 3.0, Wikimedia Commons",node/4884705621,
Khánh Hoà,"Vịnh Nha Trang · Nha Trang, Khánh Hoà",Thiên nhiên,Trung Bình,3,12.2566743,109.2091671,https://thumb.wikimedia.org/wikipedia/commons/thumb/8/8d/Hoi_quan_Vinh_Nha_Trang.JPG/960px-Hoi_quan_Vinh_Nha_Trang.JPG?utm_source=commons.wikimedia.org&utm_campaign=imageinfo&utm_content=thumbnail,"Vịnh nằm tại Nha Trang, Khánh Hoà.","Nguồn: OpenStreetMap · Ảnh: Vinhtantran, CC BY-SA 3.0, Wikimedia Commons",node/6298520023,
Khánh Hoà,"Hòn Tằm · Nha Trang, Khánh Hoà",Đảo,Dễ,3,12.1747907,109.2431512,https://thumb.wikimedia.org/wikipedia/commons/thumb/a/a0/H%C3%B2n_T%E1%BA%B1m%2C_nha_Trang_-_M%E1%BB%99t_m%C3%A0u_xanh_tuy%E1%BB%87t_%C4%91%E1%BA%B9p_-_panoramio.jpg/960px-H%C3%B2n_T%E1%BA%B1m%2C_nha_Trang_-_M%E1%BB%99t_m%C3%A0u_xanh_tuy%E1%BB%87t_%C4%91%E1%BA%B9p_-_panoramio.jpg?utm_source=commons.wikimedia.org&utm_campaign=imageinfo&utm_content=thumbnail,"Hòn đảo nằm tại Nha Trang, Khánh Hoà.","Nguồn: OpenStreetMap · Ảnh: Dinh Ngoc Binh, CC BY-SA 3.0, Wikimedia Commons",way/147536067,
Lai Châu,"Phan Si Păng · Mường Khoa, Lai Châu",Núi / đỉnh,Khó,8,22.3030764,103.7754412,https://thumb.wikimedia.org/wikipedia/commons/thumb/8/89/Fansipan_Summit_Mark_2024.jpg/960px-Fansipan_Summit_Mark_2024.jpg?utm_source=commons.wikimedia.org&utm_campaign=imageinfo&utm_content=thumbnail,"Fansipan (còn được viết là Phan Si Păng, Phan Xi Păng hay Phăng Si Păng, Phan-xi-păng) là đỉnh núi cao nhất của Việt Nam, nằm trên dãy núi Hoàng Liên Sơn ở vùng Tây Bắc Bộ, Việt Nam. Đỉnh núi có độ cao tuyệt đối là 3143 m. Fansipan cũng là đỉnh núi cao nhất bán đảo Đông Dương và được mệnh danh là ""Nóc nhà Đông Dương"".","Nguồn: OpenStreetMap, Wikipedia · Ảnh: MinhVN1863, CC BY-SA 4.0, Wikimedia Commons",node/13282179820,vi:Fansipan
Lào Cai,"Vườn quốc gia Hoàng Liên · Tả Van, Lào Cai",Vườn quốc gia,Trung Bình,9,22.2486713,103.8721805,https://thumb.wikimedia.org/wikipedia/commons/thumb/7/72/Hoang_Lien.jpg/960px-Hoang_Lien.jpg?utm_source=commons.wikimedia.org&utm_campaign=imageinfo&utm_content=thumbnail,"Vườn quốc gia Hoàng Liên là một vườn quốc gia Việt Nam được thành lập năm 2002, nằm ở độ cao từ 1.000-3000m so với mặt biển trên dãy Hoàng Liên Sơn thuộc địa bàn các xã Hoàng Liên, Tả Van, Bản Hồ (thị xã Sa Pa, tỉnh Lào Cai) và một phần các xã Phúc Khoa, Trung Đồng (huyện Tân Uyên, tỉnh Lai Châu).
Tọa độ địa lý của vườn từ 22°07'-22°23' độ vĩ Bắc và 103°00'-104°00' độ kinh Đông.","Website: https://vqghl.laocai.gov.vn/ · Nguồn: OpenStreetMap, Wikipedia · Ảnh: Ondřej Žváček, CC BY 2.5, Wikimedia Commons",relation/7144302,vi:Vườn quốc gia Hoàng Liên
Lào Cai,"Đền Thượng · Lê Lợi, Lào Cai",Chùa / đền / nhà thờ,Dễ,8,22.5096077,103.9681621,https://thumb.wikimedia.org/wikipedia/commons/thumb/4/42/2025-02-08_Gate_of_the_Festival_of_Upper_Temple_%28%C4%90%E1%BB%81n_Th%C6%B0%E1%BB%A3ng%29%2C_L%C3%A0o_Cai.jpg/960px-2025-02-08_Gate_of_the_Festival_of_Upper_Temple_%28%C4%90%E1%BB%81n_Th%C6%B0%E1%BB%A3ng%29%2C_L%C3%A0o_Cai.jpg?utm_source=commons.wikimedia.org&utm_campaign=imageinfo&utm_content=thumbnail,"Đền Thượng Lào Cai, còn gọi là Thánh Trần Từ, nằm trên địa bàn phường Lào Cai, tỉnh Lào Cai, Việt Nam. Đền được xây dựng vào thời Lê, niên hiệu Chính Hoà (1680-1705), là nơi thờ Quốc công tiết chế Hưng Đạo Đại Vương Trần Quốc Tuấn. Tọa lạc trên núi Mai Lĩnh trên độ cao 1200m so với mực nước biển, thuộc phố Bảo Thắng, Châu Thủy Vĩ, tỉnh Hưng Hóa (nay là phường Lào Cai, tỉnh Lào Cai).","Nguồn: OpenStreetMap, Wikipedia · Ảnh: 源義信, CC BY 4.0, Wikimedia Commons",node/3087560032,vi:Đền Thượng (Lào Cai)
Lào Cai,Hồ Thác Bà · Lào Cai,Hồ,Dễ,8,21.879122,104.9076718,https://thumb.wikimedia.org/wikipedia/commons/thumb/f/fd/Th%C3%A1c_B%C3%A0_Lake.jpg/960px-Th%C3%A1c_B%C3%A0_Lake.jpg?utm_source=commons.wikimedia.org&utm_campaign=imageinfo&utm_content=thumbnail,"Hồ Thác Bà là nguồn cung cấp nước cho nhà máy thủy điện Thác Bà thuộc tỉnh Lào Cai. Hồ nằm cách thành phố Hà Nội 180 km theo quốc lộ 2 hoặc quốc lộ 32 về phía tây bắc.
Hồ Thác Bà được hình thành khi đập thủy điện Thác Bà hoàn tất năm 1971 làm nghẽn dòng sông Chảy và tạo ra hồ.","Nguồn: OpenStreetMap, Wikipedia · Ảnh: Viethavvh, CC BY-SA 3.0, Wikimedia Commons",relation/254424,vi:Hồ Thác Bà
Lào Cai,"Bản Cát Cát · Tả Van, Lào Cai",Điểm tham quan,Dễ,7,22.3285327,103.8346798,https://thumb.wikimedia.org/wikipedia/commons/thumb/6/66/B%E1%BA%A3n_C%C3%A1t_C%C3%A1t.jpg/960px-B%E1%BA%A3n_C%C3%A1t_C%C3%A1t.jpg?utm_source=commons.wikimedia.org&utm_campaign=imageinfo&utm_content=thumbnail,"Bản Cát Cát hay thôn Cát Cát là một làng dân tộc Mông thuộc xã Tả Van, tỉnh Lào Cai, Việt Nam, cách trung tâm thị xã 2 km. Đây là điểm tham quan hấp dẫn của du lịch Sa Pa nói riêng và Lào Cai nói chung.
Bản Cát Cát là nơi tập trung đông đúc đồng bào dân tộc Mông sinh sống.","Nguồn: OpenStreetMap, Wikipedia · Ảnh: Liftold, CC BY-SA 3.0, Wikimedia Commons",node/991996791,vi:Bản Cát Cát
Lào Cai,"Bảo Tàng Sapa · 103 Xuân Vien, Sapa, Lào Cai",Bảo tàng,Dễ,4,22.3355407,103.8400955,https://thumb.wikimedia.org/wikipedia/commons/thumb/c/cf/2017_11_19_101604_Vietnam_SaPa_Museum_officers_Villa.jpg/960px-2017_11_19_101604_Vietnam_SaPa_Museum_officers_Villa.jpg?utm_source=commons.wikimedia.org&utm_campaign=imageinfo&utm_content=thumbnail,"Bảo tàng nằm tại 103 Xuân Vien, Sapa, Lào Cai.","Giờ mở cửa: 07:00-19:00 · Có thu phí tham quan · Nguồn: OpenStreetMap · Ảnh: Diggers2004, CC BY-SA 4.0, Wikimedia Commons",node/3668724311,
Lào Cai,"Thác Bạc · Sa Pa, Lào Cai",Thác nước,Trung Bình,4,22.3632406,103.7768287,https://thumb.wikimedia.org/wikipedia/commons/thumb/9/97/Th%C3%A1c_b%E1%BA%A1c_-_panoramio.jpg/960px-Th%C3%A1c_b%E1%BA%A1c_-_panoramio.jpg?utm_source=commons.wikimedia.org&utm_campaign=imageinfo&utm_content=thumbnail,"Thác nước nằm tại Sa Pa, Lào Cai.","Nguồn: OpenStreetMap · Ảnh: ChieuTimViet, CC BY 3.0, Wikimedia Commons",node/13043101392,
Lào Cai,"Đền Bảo Hà · Quốc lộ 279, Bảo Hà, Lào Cai",Điểm tham quan,Dễ,3,22.1711166,104.3515516,https://thumb.wikimedia.org/wikipedia/commons/thumb/9/97/Bao_Ha_Temple_-_P1380696.JPG/960px-Bao_Ha_Temple_-_P1380696.JPG?utm_source=commons.wikimedia.org&utm_campaign=imageinfo&utm_content=thumbnail,"Ngôi đền nằm tại Quốc lộ 279, Bảo Hà, Lào Cai.","Giờ mở cửa: mở cửa cả ngày · Nguồn: OpenStreetMap · Ảnh: Vmenkov, CC BY-SA 3.0, Wikimedia Commons",way/1417144582,
Lào Cai,"Núi Hàm Rồng · Sa Pa, Lào Cai",Núi / đỉnh,Trung Bình,3,22.3325807,103.8624287,https://thumb.wikimedia.org/wikipedia/commons/thumb/9/9f/Vietnam-Sapa-Ham_Rong_Mountain-PANO_20180111_111620.jpg/960px-Vietnam-Sapa-Ham_Rong_Mountain-PANO_20180111_111620.jpg?utm_source=commons.wikimedia.org&utm_campaign=imageinfo&utm_content=thumbnail,"Ngọn núi nằm tại Sa Pa, Lào Cai. Độ cao khoảng 1.908 m so với mực nước biển.","Nguồn: OpenStreetMap · Ảnh: CC BY-SA 2.0, Wikimedia Commons",node/11624629968,
Lâm Đồng,"Thác Voi · Nam Ban, Nam Ban Lâm Hà, Lâm Đồng",Thác nước,Trung Bình,9,11.8235094,108.3349037,https://upload.wikimedia.org/wikipedia/commons/7/74/Elephant_Falls_Vietnam.jpg?utm_source=commons.wikimedia.org&utm_campaign=imageinfo&utm_content=thumbnail_unscaled,"Thác Voi hay có tên là thác Liêng Rơwoa, thuộc xã Nam Ban Lâm Hà, Lâm Đồng, nằm trên dòng sông Cam Ly. Thác nằm cách Đà Lạt chừng 25 km, có chiều rộng khoảng 40m, chiều cao hơn 30m. Bên thác có những tảng đá như chú voi con nên có tên gọi là thác Voi.","Nguồn: OpenStreetMap, Wikipedia · Ảnh: Ian Armstrong, CC BY-SA 2.0, Wikimedia Commons",node/2706917665,vi:Thác Voi (Nam Ban)
Lâm Đồng,"Thác Prenn · Đà Lạt, Xuân Hương - Đà Lạt, Lâm Đồng",Thác nước,Trung Bình,9,11.8765192,108.4701041,https://thumb.wikimedia.org/wikipedia/commons/thumb/d/db/Th%C3%A1c_prenn.jpg/960px-Th%C3%A1c_prenn.jpg?utm_source=commons.wikimedia.org&utm_campaign=imageinfo&utm_content=thumbnail,"Thác Prenn là một thác nước ở thành phố Đà Lạt thuộc tỉnh Lâm Đồng, Việt Nam.

Thác Prenn nằm cạnh quốc lộ 20, ở cửa ngõ vào TP.Đà Lạt là một trong những KDL sinh thái về rừng, suối. Thác ở chân đèo Prenn cách trung tâm Đà Lạt khoảng 10 km.","Nguồn: OpenStreetMap, Wikipedia · Ảnh: Bùi Thụy Đào Nguyên, CC BY-SA 3.0, Wikimedia Commons",node/4096525696,vi:Thác Prenn
Lâm Đồng,"Vườn quốc gia Bidoup Núi Bà · Lạc Dương, Lâm Đồng",Vườn quốc gia,Trung Bình,9,12.1515935,108.5339077,https://thumb.wikimedia.org/wikipedia/commons/thumb/4/45/Pine_trees_in_Bidoup-Nui_Ba_National_Park.jpg/960px-Pine_trees_in_Bidoup-Nui_Ba_National_Park.jpg?utm_source=commons.wikimedia.org&utm_campaign=imageinfo&utm_content=thumbnail,"Vườn quốc gia Bidoup – Núi Bà là một vườn quốc gia nằm ở trung tâm cao nguyên Lâm Viên, trên địa bàn xã Lạc Dương, phường Lang Biang – Đà Lạt và xã Đam Rông 4, cách phường Xuân Hương – Đà Lạt 50 km theo tỉnh lộ 723. Nơi đây được mệnh danh là ""Mái nhà Tây Nguyên"".
Được thành lập vào năm 2004, tên của nó được ghép từ tên của hai đỉnh núi cao nhất của cao nguyên Lâm Viên là Bidoup (2 287 mét, đỉnh cao nhất Lâm Đồng) và Núi Bà (2 167 mét).","Website: https://bidoupnuiba.gov.vn/ · Nguồn: OpenStreetMap, Wikipedia · Ảnh: Toni Wöhrl and Sang Cai, CC BY-SA 4.0, Wikimedia Commons",relation/7143312,vi:Vườn quốc gia Bidoup Núi Bà
Lâm Đồng,"Ngôi nhà quái dị · Xuân Hương, Da Lat City, Xuân Hương - Đà Lạt, Lâm Đồng",Bảo tàng,Dễ,8,11.9345615,108.4306807,https://thumb.wikimedia.org/wikipedia/commons/thumb/b/bb/HangNgaCrazyHouse2.jpg/960px-HangNgaCrazyHouse2.jpg?utm_source=commons.wikimedia.org&utm_campaign=imageinfo&utm_content=thumbnail,"Biệt thự Hằng Nga hay Ngôi nhà quái dị (được biết đến với tên tiếng Anh: Crazy House) là một nhà nghỉ tại phường Xuân Hương – Đà Lạt, tỉnh Lâm Đồng, nằm ở số 3 Huỳnh Thúc Kháng trong khuôn viên rộng gần 4.000 m². Ngôi nhà này nổi tiếng vì có phong cách kiến trúc đặc biệt.
Từ khi khai trương vào năm 1990, tòa nhà này đã được công nhận kiến trúc độc đáo, đã được nêu bật trong các sách hướng dẫn du lịch và được xếp vào nhóm 10 tòa nhà kỳ lạ nhất theo bình chọn của Nhân dân Nhật báo của Trung Quốc.","Giờ mở cửa: hằng ngày 08:30-19:00 · Có thu phí tham quan · Điện thoại: 0633822070 · Website: https://www.crazyhouse.vn/ · Nguồn: OpenStreetMap, Wikipedia · Ảnh: Kelisi, CC BY-SA 3.0, Wikimedia Commons",relation/20657435,vi:Biệt thự Hằng Nga
Lâm Đồng,"Thác Đambri · Thôn 14, 2 Bảo Lộc, Lâm Đồng",Thác nước,Trung Bình,8,11.6419662,107.7429168,https://thumb.wikimedia.org/wikipedia/commons/thumb/3/32/Thac_DamBri.jpg/960px-Thac_DamBri.jpg?utm_source=commons.wikimedia.org&utm_campaign=imageinfo&utm_content=thumbnail,"Thác Đa M'bri hay thác Đambri là một thác nước trên dòng Đa M'bri tại phường 2 Bảo Lộc, tỉnh Lâm Đồng, Việt Nam.","Nguồn: OpenStreetMap, Wikipedia · Ảnh: vi:tilamdong, CC BY 3.0, Wikimedia Commons",node/3093994368,vi:Thác Đamb'ri
Lâm Đồng,"Thác Datanla · Đà Lạt, Xuân Hương - Đà Lạt, Lâm Đồng",Thác nước,Trung Bình,8,11.9011774,108.4488444,https://thumb.wikimedia.org/wikipedia/commons/thumb/8/8d/Datanla_Waterfall_1.jpg/960px-Datanla_Waterfall_1.jpg?utm_source=commons.wikimedia.org&utm_campaign=imageinfo&utm_content=thumbnail,"Đatanla hay Datanla là thác ở phường Xuân Hương – Đà Lạt, tỉnh Lâm Đồng, Việt Nam.
Thác nằm trong khu du lịch Đatanla, cách thác Prenn 8 km và trung tâm phường 10 km và là điểm tham quan, phiêu lưu mạo hiểm.
Tên gọi ""Đatanla"" hay ""Đatania"" theo tiếng K'Ho ghép lại từ ""Đạh-Tam-N'ha"" có nghĩa là ""dưới lá có nước"", và có liên quan đến cuộc xung đột Chăm - Lạch - Chil hồi thế kỷ XV - XVII.
Nhiều văn liệu khi sao chép tên đã viết nhầm thành ""Thác Dalanta"".","Nguồn: OpenStreetMap, Wikipedia · Ảnh: Du Tran, CC BY 2.0, Wikimedia Commons",node/4502225092,vi:Thác Datanla
Lâm Đồng,"Bàu Trắng · Hòa Thắng, Lâm Đồng",Hồ,Dễ,8,11.067905,108.4169219,https://thumb.wikimedia.org/wikipedia/commons/thumb/9/96/B%C3%A0u_Tr%E1%BA%AFng_%2828680306740%29.jpg/960px-B%C3%A0u_Tr%E1%BA%AFng_%2828680306740%29.jpg?utm_source=commons.wikimedia.org&utm_campaign=imageinfo&utm_content=thumbnail,"Bàu Trắng (hay Bàu Cát, Bạch Hồ, Bàu Sen) là một hồ nước ngọt ở thôn Hồng Lâm, xã Hòa Thắng, tỉnh Lâm Đồng, cách Phan Thiết khoảng 62 km về hướng Đông Bắc.","Nguồn: OpenStreetMap, Wikipedia · Ảnh: Hưng Hồ Bá from 08 Bạch Đằng TP Huế, Việt Nam, CC BY 2.0, Wikimedia Commons",way/141722609,vi:Bàu Trắng
Lâm Đồng,"Vạn Thủy Tú · 231 Ngư Ông, Phan Thiết, Lâm Đồng",Điểm tham quan,Dễ,7,10.9231906,108.1000546,https://thumb.wikimedia.org/wikipedia/commons/thumb/1/1e/V%E1%BA%A1n_Th%E1%BB%A7y_T%C3%BA.jpg/960px-V%E1%BA%A1n_Th%E1%BB%A7y_T%C3%BA.jpg?utm_source=commons.wikimedia.org&utm_campaign=imageinfo&utm_content=thumbnail,"Vạn Thủy Tú là ngôi vạn tọa lạc trên đường Ngư Ông, phường Phan Thiết, tỉnh Lâm Đồng. Đây là nơi thờ thần Nam Hải tức Cá Ông, theo tín ngưỡng của ngư dân vùng biển.","Giờ mở cửa: hằng ngày 09:00-13:00, 15:00-17:00 · Nguồn: OpenStreetMap, Wikipedia · Ảnh: Bùi Thụy Đào Nguyên, CC BY-SA 4.0, Wikimedia Commons",way/541543831,vi:Vạn Thủy Tú
Lâm Đồng,"Ga Đà Lạt · Ấp Cô Giang, Lâm Viên, Lâm Viên - Đà Lạt, Lâm Đồng",Điểm tham quan,Dễ,7,11.9416078,108.4544798,https://thumb.wikimedia.org/wikipedia/commons/thumb/2/2f/Da_Lat_train_station_37.jpg/960px-Da_Lat_train_station_37.jpg?utm_source=commons.wikimedia.org&utm_campaign=imageinfo&utm_content=thumbnail,"Ga Đà Lạt là nhà ga tàu hỏa của phường Xuân Hương - Đà Lạt.
Nhà ga được người Pháp xây dựng từ năm 1932 đến 1938 thì hoàn thành, là nhà ga đầu mối trên tuyến đường sắt Tháp Chàm – Đà Lạt dài 84 km. Nhà ga có phong cách kiến trúc độc đáo, có ba mái hình chóp, là cách điệu ba đỉnh núi Langbiang hoặc nhà rông Tây Nguyên.","Nguồn: OpenStreetMap, Wikipedia · Ảnh: Diane Selwyn, CC BY-SA 3.0, Wikimedia Commons",relation/17877171,vi:Ga Đà Lạt
Lâm Đồng,"Núi Langbiang · Lang Biang, Lâm Đồng",Núi / đỉnh,Khó,7,12.0472573,108.4405826,https://thumb.wikimedia.org/wikipedia/commons/thumb/c/c0/Lang_biang_au_mois_d%27ao%C3%BBt.jpg/960px-Lang_biang_au_mois_d%27ao%C3%BBt.jpg?utm_source=commons.wikimedia.org&utm_campaign=imageinfo&utm_content=thumbnail,"Núi Langbiang là một cụm núi cao tại tỉnh Lâm Đồng, nằm cách phường Xuân Hương – Đà Lạt 12 km thuộc địa phận phường Lang Biang – Đà Lạt. Hai núi cao nhất tại đây là núi Bà cao 2.167 m và núi Ông cao 2.124 m so với mặt nước biển. Ngoài ra trong khu du lịch còn có ngọn đồi Ra-đa cao 1.929 m, ngọn đồi này cũng là một địa điểm quen thuộc đối với du khách.","Nguồn: OpenStreetMap, Wikipedia · Ảnh: Liangu, CC BY-SA 3.0, Wikimedia Commons",node/2688028631,vi:Núi Langbiang
Lâm Đồng,"Đồi Cù · Đà Lạt, Xuân Hương - Đà Lạt, Lâm Đồng",Núi / đỉnh,Trung Bình,7,11.9467725,108.4446208,https://thumb.wikimedia.org/wikipedia/commons/thumb/b/b5/Doi_Cu_01.JPG/960px-Doi_Cu_01.JPG?utm_source=commons.wikimedia.org&utm_campaign=imageinfo&utm_content=thumbnail,"Bản mẫu:Infobox golf facility
Đồi Cù là khu đồi nằm giữa trung tâm thành phố Đà Lạt kế bên hồ Xuân Hương. Nơi đây vốn là khu rừng thông tự nhiên cho tới khi được hoàng đế Bảo Đại yêu cầu cải tạo vào năm 1920 để làm sân golf và khu nghỉ dưỡng. Được khánh thành vào năm 1922, đây là sân golf đầu tiên của Việt Nam.","Nguồn: OpenStreetMap, Wikipedia · Ảnh: Diane Selwyn, Public domain, Wikimedia Commons",node/11048391402,vi:Đồi Cù
Lâm Đồng,"Tháp Po Sah Inư · Nguyễn Thông, Phú Thuỷ, Lâm Đồng",Di tích lịch sử,Dễ,7,10.9360535,108.1461223,https://thumb.wikimedia.org/wikipedia/commons/thumb/f/fe/Th%C3%A1p_Po_Sah_Inu%2C_Phan_Thi%E1%BA%BFt%2C_B%C3%ACnh_Thu%E1%BA%ADn.JPG/960px-Th%C3%A1p_Po_Sah_Inu%2C_Phan_Thi%E1%BA%BFt%2C_B%C3%ACnh_Thu%E1%BA%ADn.JPG?utm_source=commons.wikimedia.org&utm_campaign=imageinfo&utm_content=thumbnail,"Tháp Po Sah Inư (còn gọi là Đền Po Sah Anaih hay Tháp Chăm Phố Hài) là một nhóm di tích đền thờ Ấn Độ Giáo hay còn gọi là tháp Chăm, của Vương quốc Chăm Pa, nằm trên đồi Bà Nài, thuộc phường Phú Thủy, tỉnh Lâm Đồng cách phường Phan Thiết 7 km về hướng Đông-Bắc.
Nhóm tháp này có phong cách kiến trúc Hòa Lai - một trong những phong cách nghệ thuật cổ của Chămpa. Tuy chỉ có kích thước vừa và nhỏ, nhưng nó chắt lọc được những tinh hoa kỹ thuật kiến trúc và nghệ thuật trang trí của người Chăm xưa tạo nên vẻ uy nghiêm và kỳ bí.","Nguồn: OpenStreetMap, Wikipedia · Ảnh: Dongson*vmvn at Vietnamese Wikipedia, CC BY-SA 3.0, Wikimedia Commons",node/491586802,vi:Tháp Po Sah Inư
Lâm Đồng,"Thiên Vương Cổ Sát (Chùa Tàu) · Đèo Mimosa, Đà Lạt, Xuân Hương - Đà Lạt, Lâm Đồng",Chùa / đền / nhà thờ,Dễ,7,11.9259429,108.45959,https://thumb.wikimedia.org/wikipedia/commons/thumb/4/42/Chua_Thien_Vuong_Co_Sat_01.jpg/960px-Chua_Thien_Vuong_Co_Sat_01.jpg?utm_source=commons.wikimedia.org&utm_campaign=imageinfo&utm_content=thumbnail,"Thiên Vương cổ sát (chữ Hán: 天王古剎) hay còn gọi là chùa Phật Trầm hay chùa Tàu là một ngôi chùa tọa lạc trên đồi Rồng, tại số 385 đường Khe Sanh, phường Xuân Hương – Đà Lạt, cách trung tâm Đà Lạt 5 km về hướng Đông Bắc.","Nguồn: OpenStreetMap, Wikipedia · Ảnh: Diane Selwyn, Public domain, Wikimedia Commons",node/1152350935,vi:Thiên Vương Cổ Sát
Lâm Đồng,"Chùa Linh Sơn · Xuân Hương, Đà Lạt, Xuân Hương - Đà Lạt, Lâm Đồng",Chùa / đền / nhà thờ,Dễ,7,11.9502595,108.4370232,https://thumb.wikimedia.org/wikipedia/commons/thumb/6/6f/Ch%C3%B9a_Linh_S%C6%A1n_2.jpg/960px-Ch%C3%B9a_Linh_S%C6%A1n_2.jpg?utm_source=commons.wikimedia.org&utm_campaign=imageinfo&utm_content=thumbnail,"Chùa Linh Sơn là một trong những ngôi chùa lớn và lâu đời ở phường Xuân Hương – Đà Lạt, tỉnh Lâm Đồng.
Chùa nằm trên một ngọn đồi thấp, tại số 120 đường Nguyễn Văn Trỗi, Phường Xuân Hương – Đà Lạt và cách trung tâm khoảng 700m về phía Tây Bắc.
Chùa được Hội Phật học Trung Phần khởi công xây dựng vào năm 1938, và hoàn thành vào năm 1940.","Nguồn: OpenStreetMap, Wikipedia · Ảnh: Bùi Thụy Đào Nguyên, CC BY-SA 3.0, Wikimedia Commons",way/361851927,vi:Chùa Linh Sơn (Đà Lạt)
Lâm Đồng,"Hồ Tuyền Lâm · Đà Lạt, Xuân Hương - Đà Lạt, Lâm Đồng",Hồ,Dễ,7,11.8907821,108.4245097,https://thumb.wikimedia.org/wikipedia/commons/thumb/d/d5/Tuyen_Lam_Lake_01.jpg/960px-Tuyen_Lam_Lake_01.jpg?utm_source=commons.wikimedia.org&utm_campaign=imageinfo&utm_content=thumbnail,"Hồ Tuyền Lâm là một hồ nước thuộc phường Xuân Hương - Đà Lạt, tỉnh Lâm Đồng. Đây là hồ nước ngọt rộng nhất khu vực Ðà Lạt (tức thành phố Đà Lạt cũ), với diện tích khoảng 320 ha, nằm cách trung tâm tỉnh Lâm Đồng 7 km và cách thác Ðatanla 2 km. Hồ nằm gần núi Phụng Hoàng, đây được xem là khu phức hợp tập trung nhiều cảnh quan đẹp và dịch vụ du lịch phong phú.","Nguồn: OpenStreetMap, Wikipedia · Ảnh: Diane Selwyn, Public domain, Wikimedia Commons",way/125165263,vi:Hồ Tuyền Lâm
Lâm Đồng,"Đảo Phú Quý · Phú Quý, Lâm Đồng",Đảo,Dễ,7,10.5258744,108.9451593,https://thumb.wikimedia.org/wikipedia/commons/thumb/7/7a/ISS047-E-2328_-_View_of_Vietnam.jpg/960px-ISS047-E-2328_-_View_of_Vietnam.jpg?utm_source=commons.wikimedia.org&utm_campaign=imageinfo&utm_content=thumbnail,"Đảo Phú Quý là hòn đảo trên Biển Đông thuộc chủ quyền Việt Nam, về hành chính là đặc khu Phú Quý, tỉnh Lâm Đồng. Từ đảo, thành phố Phan Thiết nằm cách 104 km về phía tây bắc, Cam Ranh (Khánh Hòa) cách 150 km về phía bắc, Vũng Tàu cách 200 km về phía tây và Côn Đảo cách 330 km về phía tây nam. Đảo có diện tích khoảng 17,4 km².","Nguồn: OpenStreetMap, Wikipedia · Ảnh: Earth Science and Remote Sensing Unit , Lyndon B. Johnson Space Center, Public domain, Wikimedia Commons",relation/11598234,zh:富貴島
Nghệ An,Vườn quốc gia Pù Mát · Nghệ An,Vườn quốc gia,Trung Bình,9,18.9497551,104.6908942,https://thumb.wikimedia.org/wikipedia/commons/thumb/f/fb/Annamite_range_pu_mat_2007_05.jpg/960px-Annamite_range_pu_mat_2007_05.jpg?utm_source=commons.wikimedia.org&utm_campaign=imageinfo&utm_content=thumbnail,"Vườn quốc gia Pù Mát là một khu rừng đặc dụng ở phía tây tỉnh Nghệ An. Tiếng Thái, Pù Mát có nghĩa là những con dốc cao. Được thành lập theo quyết định số 174/2001/QĐ-TTg của Thủ tướng Chính phủ ngày 08/11/2001 về việc chuyển hạng Khu Bảo tồn Thiên nhiên Pù Mát thành Vườn quốc gia.","Website: https://pumat.vn/ · Nguồn: OpenStreetMap, Wikipedia · Ảnh: Rolf Müller ( Rolfmueller ), CC BY-SA 3.0, Wikimedia Commons",relation/7143215,vi:Vườn quốc gia Pù Mát
Nghệ An,"Thành cổ Vinh · Đường Đào Tấn, Thành Vinh, Nghệ An",Di tích lịch sử,Dễ,8,18.6706824,105.6694746,https://thumb.wikimedia.org/wikipedia/commons/thumb/2/24/La_citadelle_de_Vinh.jpg/960px-La_citadelle_de_Vinh.jpg?utm_source=commons.wikimedia.org&utm_campaign=imageinfo&utm_content=thumbnail,"Thành cổ Nghệ An, còn gọi là Thành cổ Vinh, là tên gọi di tích một tòa thành cổ được xây dựng dưới thời Nguyễn lịch sử Việt Nam, nằm trên địa bàn phường Thành Vinh, tỉnh Nghệ An ngày nay. Hiện tòa thành cổ này vẫn còn di tích 3 cổng thành là Tiền môn, Tả môn, Hữu môn và một số đoạn hào thành. Di tích thành cổ Nghệ An được nhà nước Việt Nam xếp hạng Di tích lịch sử Quốc gia năm 1998.","Nguồn: OpenStreetMap, Wikipedia · Ảnh: Aéronautique militaire d'Indochine, Public domain, Wikimedia Commons",node/13038535919,vi:Thành Nghệ An
Nghệ An,"Hòn Ngư · Cửa Lò, Nghệ An",Đảo,Dễ,7,18.8014707,105.7758469,https://thumb.wikimedia.org/wikipedia/commons/thumb/8/88/H%C3%B2n_Ng%C6%B0%2C_C%E1%BB%ADa_L%C3%B2%2C_Ngh%E1%BB%87_An.jpeg/960px-H%C3%B2n_Ng%C6%B0%2C_C%E1%BB%ADa_L%C3%B2%2C_Ngh%E1%BB%87_An.jpeg?utm_source=commons.wikimedia.org&utm_campaign=imageinfo&utm_content=thumbnail,"Hòn Ngư là một đảo ở Vịnh Bắc Bộ, biển Đông Việt Nam. Về hành chính đảo thuộc phố Nghi Hương thuộc phường Cửa Lò, tỉnh Nghệ An, Việt Nam.
Đảo ở cách bờ hơn 4 km.","Nguồn: OpenStreetMap, Wikipedia · Ảnh: Linhcandng, CC BY-SA 3.0, Wikimedia Commons",way/478393934,vi:Hòn Ngư
Ninh Bình,Vườn quốc gia Cúc Phương · Ninh Bình,Vườn quốc gia,Trung Bình,9,20.3161795,105.6051037,https://thumb.wikimedia.org/wikipedia/commons/thumb/b/ba/Cuc.Phuong.National.Park.jpg/960px-Cuc.Phuong.National.Park.jpg?utm_source=commons.wikimedia.org&utm_campaign=imageinfo&utm_content=thumbnail,"Vườn Quốc gia Cúc Phương (hay rừng Cúc Phương) là một khu bảo tồn thiên nhiên, khu rừng đặc dụng nằm trên địa phận ranh giới 3 khu vực Đông Bắc Bộ, đồng bằng sông Hồng và Bắc Trung Bộ thuộc 3 tỉnh: Ninh Bình, Phú Thọ và Thanh Hóa. Vườn quốc gia này có hệ động thực vật phong phú đa dạng mang đặc trưng rừng mưa nhiệt đới. Nhiều loài động thực vật có nguy cơ tuyệt chủng cao được phát hiện và bảo tồn tại đây.","Website: http://cucphuongtourism.com.vn/ · Nguồn: OpenStreetMap, Wikipedia · Ảnh: No machine-readable author provided. Ravikiran r assumed (based on copyright cla, Public domain, Wikimedia Commons",relation/15882261,vi:Vườn quốc gia Cúc Phương
Ninh Bình,Vườn quốc gia Xuân Thủy · Ninh Bình,Vườn quốc gia,Trung Bình,8,20.2279052,106.5337157,https://upload.wikimedia.org/wikipedia/commons/3/3f/Landscape_Xuan_Thuy_National_Park.JPG?utm_source=commons.wikimedia.org&utm_campaign=imageinfo&utm_content=thumbnail_unscaled,"Vườn quốc gia Xuân Thủy là một vùng bãi bồi rộng lớn nằm ở phía Nam cửa sông Hồng, thuộc tỉnh Ninh Bình, cách Hà Nội khoảng 150 km về hướng Đông Nam, có tổng diện tích tự nhiên là 7.100 ha. Từ phường Hoa Lư, trung tâm tỉnh Ninh Bình tới vườn khoảng 75 km. Phù sa màu mỡ của sông Hồng và biển đã tạo dựng nên khu đất ngập nước với nhiều loài động thực vật hoang dã và các loài chim di cư quý hiếm.","Website: https://www.vuonquocgiaxuanthuy.org.vn/ · Nguồn: OpenStreetMap, Wikipedia · Ảnh: Kristinvafranzi, CC BY-SA 3.0, Wikimedia Commons",relation/7128004,vi:Vườn quốc gia Xuân Thủy
Ninh Bình,"Nhà thờ chính tòa Phát Diệm · Đường Ngang Bờ Hồ, Phát Diệm, Thượng Kiệm, Ninh Bình",Chùa / đền / nhà thờ,Dễ,8,20.0930034,106.0794722,https://thumb.wikimedia.org/wikipedia/commons/thumb/0/07/Phatdiemk-77.jpg/960px-Phatdiemk-77.jpg?utm_source=commons.wikimedia.org&utm_campaign=imageinfo&utm_content=thumbnail,"Nhà thờ chính tòa Phát Diệm (thường gọi là Nhà thờ đá Phát Diệm) là một quần thể nhà thờ Công giáo rộng khoảng 22 ha, nằm tại xã Phát Diệm, tỉnh Ninh Bình, cách Hà Nội khoảng 120 km về hướng Nam. Quần thể các công trình nơi đây được xây dựng từ năm 1875, đến năm 1899 thì hoàn thành. Nhà thờ lớn tại vị trí trung tâm, hiện là nhà thờ chính tòa của Giáo phận Phát Diệm ở miền Bắc Việt Nam, được hoàn thành năm 1891.","Nguồn: OpenStreetMap, Wikipedia · Ảnh: Kien1980v at Vietnamese Wikipedia, Public domain, Wikimedia Commons",way/161664822,vi:Nhà thờ chính tòa Phát Diệm
Ninh Bình,"Cố đô Hoa Lư · Quốc lộ 38B, Trường Yên, Tây Hoa Lư, Ninh Bình",Điểm tham quan,Dễ,7,20.2828485,105.9017497,https://thumb.wikimedia.org/wikipedia/commons/thumb/b/be/Codohoalu2010k1.jpg/960px-Codohoalu2010k1.jpg?utm_source=commons.wikimedia.org&utm_campaign=imageinfo&utm_content=thumbnail,"Cố đô Hoa Lư (chữ Hán: 華閭) là kinh đô của Việt Nam trong giai đoạn 968-1010. Đây là kinh đô đầu tiên của nhà nước phong kiến Trung ương tập quyền ở Việt Nam và là quê hương của vị Anh hùng dân tộc Đinh Bộ Lĩnh. Kinh đô Hoa Lư tồn tại 42 năm, gắn với sự nghiệp của ba triều đại liên tiếp là nhà Đinh, nhà Tiền Lê và nhà Lý với các dấu ấn lịch sử: thống nhất đất nước, đánh Tống - dẹp Chiêm và phát tích quá trình định đô Hà Nội.","Nguồn: OpenStreetMap, Wikipedia · Ảnh: Kien1980v at Vietnamese Wikipedia, Public domain, Wikimedia Commons",way/1362974362,vi:Cố đô Hoa Lư
Ninh Bình,"Khu bảo tồn thiên nhiên đất ngập nước Vân Long · Gia Van, Tập Ninh, Ninh Bình",Khu bảo tồn,Trung Bình,7,20.3858198,105.8564481,https://thumb.wikimedia.org/wikipedia/commons/thumb/1/1e/Van_Long_Swamp_%2824135913297%29.jpg/960px-Van_Long_Swamp_%2824135913297%29.jpg?utm_source=commons.wikimedia.org&utm_campaign=imageinfo&utm_content=thumbnail,"Vân Long là khu bảo tồn thiên nhiên đất ngập nước lớn nhất vùng đồng bằng châu thổ Bắc Bộ. Khu bảo tồn này nằm ở vùng núi ngoài đê của 3 xã Gia Vân, Gia Viễn, Gia Hưng tỉnh Ninh Bình. Vân Long được đưa vào khai thác du lịch từ năm 1998 và hiện là một trọng điểm du lịch của Quốc gia Việt Nam, là nơi sở hữu 2 kỷ lục của Trung tâm sách kỷ lục Việt Nam năm 2010 đó là: ""Nơi có số lượng cá thể voọc mông trắng nhiều nhất"" và ""Nơi có bức tranh tự nhiên lớn nhất"".","Nguồn: OpenStreetMap, Wikipedia · Ảnh: Hòa Nguyễn, CC BY 2.0, Wikimedia Commons",relation/13552106,vi:Khu bảo tồn thiên nhiên đất ngập nước Vân Long
Ninh Bình,"Đền thờ vua Đinh · Đường tỉnh 490, Yên Đồng, Ninh Bình",Chùa / đền / nhà thờ,Dễ,7,20.2810741,106.0607577,https://thumb.wikimedia.org/wikipedia/commons/thumb/3/31/Dendinhbolinh-6.jpg/960px-Dendinhbolinh-6.jpg?utm_source=commons.wikimedia.org&utm_campaign=imageinfo&utm_content=thumbnail,"Ninh Bình là quê hương đồng thời cũng là nơi đóng đô của Vua Đinh Tiên Hoàng nên vùng đất này hiện nay còn lưu giữ đầy đủ các di tích về cuộc đời và sự nghiệp của vị anh hùng dân tộc này. Hệ thống di tích ở Ninh Bình, đặc biệt là các di tích về thời Đinh ghi dấu ấn của Vua từ thời kỳ ấu thơ còn tập trận cờ lau, đến việc lập căn cứ quân sự tại động Hoa Lư ở Đại Hoàng, Gia Hưng, Gia Tường và các nơi Vua đến lập căn cứ, tuyển quân như: Vạn Thắng, Ý Yên, Kim Bảng, Hồng Quang, Lê Hồ, Đồng Văn, Phong Doanh, Liêm Hà, Gia Phong... để dẹp loạn 12 sứ quân rồi lập kinh đô Hoa Lư ở phường Tây Hoa Lư để mở ra nhà nước thống nhất Đại Cồ Việt.","Nguồn: OpenStreetMap, Wikipedia · Ảnh: Kien1980v at Vietnamese Wikipedia, Public domain, Wikimedia Commons",node/14082400001,vi:Quần thể di tích thờ Vua Đinh ở Ninh Bình
Ninh Bình,"Đền thánh Trung Lao · Đường tỉnh 487, Cổ Lễ, Ninh Bình",Chùa / đền / nhà thờ,Dễ,7,20.3058862,106.2622904,https://upload.wikimedia.org/wikipedia/commons/5/58/Nh%C3%A0_th%E1%BB%9D_trung_lao_%28%E1%BA%A3nh_n%C4%83m_2012%29.jpg?utm_source=commons.wikimedia.org&utm_campaign=imageinfo&utm_content=thumbnail_unscaled,"Nhà thờ Trung Lao hay Đền thánh Trung Lao là một công trình kiến trúc độc đáo kết hợp các yếu tố Gothic, Tây Ban Nha và kiến trúc truyền thống Việt Nam. Nhà thờ tọa lạc tại làng Trung Lao, xã Cổ Lễ, tỉnh Ninh Bình.","Nguồn: OpenStreetMap, Wikipedia · Ảnh: Vukhucgiacluong, CC BY-SA 4.0, Wikimedia Commons",way/1194211171,vi:Đền thánh Trung Lao
Ninh Bình,"Cồn Nổi · Kim Đông, Ninh Bình",Đảo,Dễ,7,19.8752385,106.0671308,https://upload.wikimedia.org/wikipedia/commons/e/e3/Ch%C3%A2u_th%E1%BB%95_s%C3%B4ng_H%E1%BB%93ng_1.jpg?utm_source=commons.wikimedia.org&utm_campaign=imageinfo&utm_content=thumbnail_unscaled,"Cồn Nổi là một hòn đảo thuộc vùng biển xã Kim Đông, tỉnh Ninh Bình, Việt Nam. Cồn Nổi được nối với đất liền bằng một cầu vượt biển dài 6 km. Nơi đây là điểm cuối trên tuyến đường du lịch dài hàng chục cây số từ đê sông Đáy qua những cánh đồng lúa, cói, rừng ngập mặn, khu nuôi trồng thủy sản với kết thúc tại bãi tắm.","Nguồn: OpenStreetMap, Wikipedia · Ảnh: TruongHuynb, Public domain, Wikimedia Commons",relation/13431269,vi:Cồn Nổi
Ninh Bình,"Chùa Phổ Minh · Đường Trần Thừa, Mỹ Phúc, Nam Định, Ninh Bình",Chùa / đền / nhà thờ,Dễ,6,20.4544833,106.1630751,https://thumb.wikimedia.org/wikipedia/commons/thumb/0/08/Pho_Minh_Pagoda_during_festival_-_Th%C3%A1p_Ph%E1%BB%95_Minh_m%C3%B9a_l%E1%BB%85_h%E1%BB%99i_001.jpg/960px-Pho_Minh_Pagoda_during_festival_-_Th%C3%A1p_Ph%E1%BB%95_Minh_m%C3%B9a_l%E1%BB%85_h%E1%BB%99i_001.jpg?utm_source=commons.wikimedia.org&utm_campaign=imageinfo&utm_content=thumbnail,"Ngôi chùa nằm tại Đường Trần Thừa, Mỹ Phúc, Nam Định, Ninh Bình.","Nguồn: OpenStreetMap, Wikipedia · Ảnh: I Love Triệu Đà, CC BY-SA 4.0, Wikimedia Commons",way/1151575774,vi:Chùa Phổ Minh
Quảng Ngãi,"Vườn quốc gia Chư Mom Ray · Rờ Kơi, Quảng Ngãi",Vườn quốc gia,Trung Bình,8,14.4728531,107.638326,https://thumb.wikimedia.org/wikipedia/commons/thumb/f/f7/Stream_in_Kon_Tum_3.jpg/960px-Stream_in_Kon_Tum_3.jpg?utm_source=commons.wikimedia.org&utm_campaign=imageinfo&utm_content=thumbnail,"Vườn quốc gia Chư Mom Ray, nguyên là khu bảo tồn thiên nhiên Chư Mom Ray, thuộc tỉnh Quảng Ngãi, là một vườn quốc gia trong hệ thống các khu rừng đặc dụng của Việt Nam. Được thành lập theo quyết định của Thủ tướng chính phủ Cộng hòa Xã hội Chủ nghĩa Việt Nam số 103/2002/QĐ-TTg ngày 30 tháng 7 năm 2002. Vườn quốc gia Chư Mom Ray được coi là vương quốc khỉ, vượn vì nhiều loài khỉ, vượn quý hiếm có tên trong sách đỏ đã được đưa về đây.","Website: http://vuonquocgiachumomray.vn/ · Nguồn: OpenStreetMap, Wikipedia · Ảnh: Violetbonmua, CC BY-SA 3.0, Wikimedia Commons",relation/15885367,vi:Vườn quốc gia Chư Mom Ray
Quảng Ngãi,Lý Sơn · Quảng Ngãi,Đảo,Dễ,8,15.380642,109.1188105,https://thumb.wikimedia.org/wikipedia/commons/thumb/d/dd/C%E1%BB%95ng_ch%C3%A0o_tr%C3%AAn_Huy%E1%BB%87n_%C4%90%E1%BA%A3o_L%C3%BD_S%C6%A1n_-_Qu%E1%BA%A3ng_Ng%C3%A3i.jpg/960px-C%E1%BB%95ng_ch%C3%A0o_tr%C3%AAn_Huy%E1%BB%87n_%C4%90%E1%BA%A3o_L%C3%BD_S%C6%A1n_-_Qu%E1%BA%A3ng_Ng%C3%A3i.jpg?utm_source=commons.wikimedia.org&utm_campaign=imageinfo&utm_content=thumbnail,"Lý Sơn là một đặc khu thuộc tỉnh Quảng Ngãi, Việt Nam.
Trước đây, Lý Sơn được gọi là Cù lao Ré, theo cách lý giải của dân gian là ""cù lao có nhiều cây Ré"". Hòn đảo là vết tích còn lại của một núi lửa với 5 miệng, được hình thành cách đây khoảng 25–30 triệu năm.","Nguồn: OpenStreetMap, Wikipedia · Ảnh: VuTuanHung1804, CC BY-SA 4.0, Wikimedia Commons",way/860597998,vi:Lý Sơn
Quảng Ngãi,"Khu chứng tích Sơn Mỹ · Đường Văn Tiến Dũng, Cổ Luỹ, Tịnh Khê, Quảng Ngãi",Di tích lịch sử,Dễ,7,15.1779549,108.8727042,https://thumb.wikimedia.org/wikipedia/commons/thumb/8/89/Monument_of_the_My_Lai_Massacre_%282%29.jpg/960px-Monument_of_the_My_Lai_Massacre_%282%29.jpg?utm_source=commons.wikimedia.org&utm_campaign=imageinfo&utm_content=thumbnail,"Khu chứng tích Sơn Mỹ (hay Khu chứng tích Mỹ Lai), nằm trên quốc lộ 24B thuộc địa phận thôn Tư Cung, xã Tịnh Khê, tỉnh Quảng Ngãi, là nơi tưởng nhớ vụ thảm sát Sơn Mỹ (còn được biết đến là vụ thảm sát Mỹ Lai), thực hiện bởi một lực lượng của Quân đội Hoa Kỳ vào buổi sáng ngày 16 tháng 3 năm 1968, trong Chiến tranh Việt Nam. Ngày nay, du khách có thể trực tiếp nhìn thấy những bức ảnh ghi lại tội ác chiến tranh được trưng bày tại nhà chứng tích Sơn Mỹ hoặc tại Bảo tàng chứng tích chiến tranh (Thành phố Hồ Chí Minh) và Bảo tàng Cách mạng Việt Nam (Hà Nội).","Nguồn: OpenStreetMap, Wikipedia · Ảnh: JvL- from Netherlands, CC BY 2.0, Wikimedia Commons",node/13260659280,vi:Khu chứng tích Sơn Mỹ
Quảng Ngãi,"Nhà thờ chính tòa Kon Tum · Nguyễn Huệ, Tổ dân phố 10, Kon Tum, Quảng Ngãi",Chùa / đền / nhà thờ,Dễ,7,14.3451155,108.013228,https://thumb.wikimedia.org/wikipedia/commons/thumb/d/dd/Nh%C3%A0_th%E1%BB%9D_g%E1%BB%97_Kon_Tum.jpg/960px-Nh%C3%A0_th%E1%BB%9D_g%E1%BB%97_Kon_Tum.jpg?utm_source=commons.wikimedia.org&utm_campaign=imageinfo&utm_content=thumbnail,"Nhà thờ chánh tòa Kon Tum (hay Nhà thờ gỗ Kon Tum) là một nhà thờ Công giáo nằm tại số 13 đường Nguyễn Huệ, phường Kon Tum, tỉnh Quảng Ngãi, Việt Nam, được hoàn thành năm 1918. Đây là nhà thờ chánh tòa của Giáo phận Kon Tum. Nhà thờ chánh tòa Kon Tum cách Hà Nội 1.234 km và cách Thành phố Hồ Chí Minh 651 km.","Nguồn: OpenStreetMap, Wikipedia · Ảnh: Bùi Thụy Đào Nguyên, CC BY-SA 4.0, Wikimedia Commons",way/464462559,vi:Nhà thờ chính tòa Kon Tum
Quảng Ngãi,"Đầm An Khê · Diên Trường, Khánh Cường, Quảng Ngãi",Hồ,Dễ,7,14.7270381,109.054042,https://thumb.wikimedia.org/wikipedia/commons/thumb/d/db/%C4%90%E1%BA%A7m_An_Kh%C3%AA.jpg/960px-%C4%90%E1%BA%A7m_An_Kh%C3%AA.jpg?utm_source=commons.wikimedia.org&utm_campaign=imageinfo&utm_content=thumbnail,"Đầm An Khê là một đầm nước ở phía nam tỉnh Quảng Ngãi, Việt Nam, nằm ở vùng ven biển Sa Huỳnh. Đầm An Khê là một trong những điều kiện môi sinh quan trọng hình thành văn hóa Sa Huỳnh.","Nguồn: OpenStreetMap, Wikipedia · Ảnh: Eternal Dragon, CC BY-SA 3.0, Wikimedia Commons",way/141829801,vi:Đầm An Khê
Quảng Ngãi,"Đầm Nước Mặn · Thạnh Đức, Sa Huỳnh, Quảng Ngãi",Hồ,Dễ,7,14.6785027,109.0709408,https://thumb.wikimedia.org/wikipedia/commons/thumb/5/54/%C4%90%E1%BA%A7m_N%C6%B0%E1%BB%9Bc_M%E1%BA%B7n%2C_Sa_Hu%E1%BB%B3nh.jpg/960px-%C4%90%E1%BA%A7m_N%C6%B0%E1%BB%9Bc_M%E1%BA%B7n%2C_Sa_Hu%E1%BB%B3nh.jpg?utm_source=commons.wikimedia.org&utm_campaign=imageinfo&utm_content=thumbnail,"Đầm Nước Mặn là một đầm thuộc địa bàn phường Sa Huỳnh, tỉnh Quảng Ngãi, Việt Nam. Đầm thông với Biển Đông qua cửa biển Sa Huỳnh.
Đầm Nước Mặn có diện tích trên 210 ha, là nơi neo đậu tàu thuyền và lưu dẫn nước mặn cho đồng muối Sa Huỳnh bên cạnh.","Nguồn: OpenStreetMap, Wikipedia · Ảnh: Eternal Dragon, CC BY-SA 3.0, Wikimedia Commons",relation/14751935,vi:Đầm Nước Mặn
Quảng Ninh,"Phi Long Thần Tốc · Đường Hạ Long, Bãi Cháy, Quảng Ninh",Điểm tham quan,Dễ,8,20.95406,107.0479012,https://thumb.wikimedia.org/wikipedia/commons/thumb/4/4d/LZTR_%28Majority%29_%283%29.JPG/960px-LZTR_%28Majority%29_%283%29.JPG?utm_source=commons.wikimedia.org&utm_campaign=imageinfo&utm_content=thumbnail,"Phi Long Thần Tốc (Dragon's Run) là tàu lượn siêu tốc bằng thép do hãng Bolliger & Mabillard (Thụy Sĩ) chế tạo, đặt tại công viên Dragon Park Hạ Long. Tàu lượn được chuyển về từ công viên Freestyle Music Park ở Myrtle Beach (Nam Carolina, Mỹ), nơi nó từng vận hành với tên Time Machine; trước đó, tàu lượn mở cửa lần đầu ngày 15/4/2008 với tên Led Zeppelin: The Ride tại Hard Rock Park.","Nguồn: OpenStreetMap, Wikipedia · Ảnh: Coasterman1234, CC BY-SA 3.0, Wikimedia Commons",way/1252774078,en:Dragon's Run
Quảng Ninh,Vịnh Hạ Long · Quảng Ninh,Thiên nhiên,Trung Bình,8,20.9084384,107.0682782,https://thumb.wikimedia.org/wikipedia/commons/thumb/2/2d/Halong_Bay_in_Vietnam.jpg/960px-Halong_Bay_in_Vietnam.jpg?utm_source=commons.wikimedia.org&utm_campaign=imageinfo&utm_content=thumbnail,"Vịnh Hạ Long là một vịnh nhỏ thuộc phần bờ tây vịnh Bắc Bộ tại khu vực biển Đông Bắc Việt Nam, bao gồm vùng biển đảo của khu vực đô thị Hạ Long thuộc thành phố Quảng Ninh.
Là trung tâm của một khu vực rộng lớn có những yếu tố ít nhiều tương đồng về địa chất, địa mạo, cảnh quan, khí hậu và văn hóa, với vịnh Bái Tử Long phía Đông Bắc và quần đảo Cát Bà phía Tây Nam, vịnh Hạ Long giới hạn trong diện tích khoảng 1.553 km² bao gồm 1.969 hòn đảo lớn nhỏ, phần lớn là đảo đá vôi, trong đó vùng lõi của vịnh có diện tích 335 km² quần tụ dày đặc 775 hòn đảo. Lịch sử kiến tạo địa chất đá vôi của vịnh đã trải qua khoảng 500 triệu năm với những hoàn cảnh cổ địa lý rất khác nhau; và quá trình tiến hóa karst đầy đủ trải qua trên 20 triệu năm với sự kết hợp các yếu tố như tầng đá vôi dày, khí hậu nóng ẩm và tiến trình nâng kiến tạo chậm chạp trên tổng thể.","Nguồn: OpenStreetMap, Wikipedia · Ảnh: Thomas Hirsch / Ravn, CC BY-SA 3.0, Wikimedia Commons",node/2707025319,vi:Vịnh Hạ Long
Quảng Ninh,Vườn quốc gia Bái Tử Long · Quảng Ninh,Vườn quốc gia,Trung Bình,8,21.0795634,107.5991247,https://thumb.wikimedia.org/wikipedia/commons/thumb/f/f9/B%C3%A1i_T%E1%BB%AD_Long.jpg/960px-B%C3%A1i_T%E1%BB%AD_Long.jpg?utm_source=commons.wikimedia.org&utm_campaign=imageinfo&utm_content=thumbnail,"Vườn quốc gia Bái Tử Long là một khu bảo tồn nằm tại khu vực vịnh Bái Tử Long, thuộc đặc khu Vân Đồn, thành phố Quảng Ninh, Việt Nam. Vườn được thành lập theo quyết định 85/2001/QĐ-TTg của Thủ tướng chính phủ nước Cộng hòa Xã hội chủ nghĩa Việt Nam vào ngày 1 tháng 6 năm 2001 trên cơ sở Khu bảo tồn thiên nhiên Ba Mùn trước đây. Đây là một trong số bảy vườn quốc gia tại Việt Nam bảo vệ cả diện tích trên cạn lẫn dưới nước.","Website: https://vuonquocgiabaitulong.vn/ · Nguồn: OpenStreetMap, Wikipedia · Ảnh: Viethavvh at Vietnamese Wikipedia, CC BY-SA 3.0, Wikimedia Commons",way/1371053456,vi:Vườn quốc gia Bái Tử Long
Quảng Ninh,"Tượng đài Gherman Titov · Đảo Ti Tốp, Vịnh Hạ Long, Quảng Ninh",Di tích lịch sử,Dễ,8,20.8590207,107.0809085,https://thumb.wikimedia.org/wikipedia/commons/thumb/8/83/Halong_TitowIsland2.JPG/960px-Halong_TitowIsland2.JPG?utm_source=commons.wikimedia.org&utm_campaign=imageinfo&utm_content=thumbnail,"Tượng đài nhà du hành vũ trụ Gherman Titov được dựng năm 2015 nhân kỷ niệm 80 năm ngày sinh của ông, đặt trên hòn đảo mang tên Ti Tốp ở tỉnh Quảng Ninh. Sáng kiến dựng tượng thuộc về Hội hữu nghị Nga – Việt và Hội hữu nghị Việt – Nga.","Nguồn: OpenStreetMap, Wikipedia · Ảnh: Catatine, CC BY-SA 4.0, Wikimedia Commons",node/10635540903,ru:Памятник Герману Титову (Вьетнам)
Quảng Ninh,"Chùa Ba Vàng · Bảo Quang, Uông Bí, Quảng Ninh",Chùa / đền / nhà thờ,Dễ,8,21.0682843,106.7641488,https://thumb.wikimedia.org/wikipedia/commons/thumb/0/0c/Ch%C3%B9a_Ba_V%C3%A0ng.jpg/960px-Ch%C3%B9a_Ba_V%C3%A0ng.jpg?utm_source=commons.wikimedia.org&utm_campaign=imageinfo&utm_content=thumbnail,"Chùa Ba Vàng (còn gọi là Bảo Quang Tự) là một ngôi chùa tọa lạc ở lưng chừng núi Thành Đẳng, thuộc phường Uông Bí, thành phố Quảng Ninh.","Nguồn: OpenStreetMap, Wikipedia · Ảnh: Nghien87, CC BY-SA 4.0, Wikimedia Commons",way/500948968,vi:Chùa Ba Vàng
Quảng Ninh,"Hồ Yên Lập · Quảng La, Quảng Ninh",Hồ,Dễ,8,21.0326856,106.9082607,https://thumb.wikimedia.org/wikipedia/commons/thumb/4/4f/Hoyenlap.jpg/960px-Hoyenlap.jpg?utm_source=commons.wikimedia.org&utm_campaign=imageinfo&utm_content=thumbnail,"Hồ Yên Lập là hồ nước ngọt nhân tạo lớn nhất thành phố Quảng Ninh và cùng với chùa Lôi Âm trên núi Lôi Âm tạo thành một trong những điểm du lịch của thành phố.
Công trình được khởi công năm 1978 và khánh thành và bàn giao cho đơn vị quản lý sử dụng vào năm 1982. Năm 2005, công trình tiếp tục được đầu tư nấng cấp.","Nguồn: OpenStreetMap, Wikipedia · Ảnh: Handyhuy, CC BY-SA 3.0, Wikimedia Commons",relation/13447,vi:Hồ Yên Lập
Quảng Ninh,"Núi Yên Tử · Tây Yên Tử, Quảng Ninh",Núi / đỉnh,Trung Bình,7,21.1607827,106.7149285,https://thumb.wikimedia.org/wikipedia/commons/thumb/3/31/N%C3%BAi_Y%C3%AAn_T%E1%BB%AD.jpg/960px-N%C3%BAi_Y%C3%AAn_T%E1%BB%AD.jpg?utm_source=commons.wikimedia.org&utm_campaign=imageinfo&utm_content=thumbnail,"Yên Tử (chữ Hán: 安子山, Yên Tử sơn) là một dãy núi trải dài trên địa bàn 3 thành phố gồm Quảng Ninh, Bắc Ninh, Hải Phòng và cũng là tên ngọn núi cao nhất trong dãy.
Đây là dãy núi gắn liền với nhà Trần trong lịch sử Việt Nam cũng như gắn với Thiền phái Trúc Lâm.","Nguồn: OpenStreetMap, Wikipedia · Ảnh: Thang Nguyen from Nottingham, United Kingdom, CC BY-SA 2.0, Wikimedia Commons",node/4886986961,vi:Núi Yên Tử
Quảng Ninh,"Động Thiên Cung · Ngọc Châu, Tuần Châu, Quảng Ninh",Thiên nhiên,Trung Bình,4,20.9126814,107.0172114,https://thumb.wikimedia.org/wikipedia/commons/thumb/f/f7/Upper_Thi%C3%AAn_Cung_Grotto_-_panoramio.jpg/960px-Upper_Thi%C3%AAn_Cung_Grotto_-_panoramio.jpg?utm_source=commons.wikimedia.org&utm_campaign=imageinfo&utm_content=thumbnail,"Hang động nằm tại Ngọc Châu, Tuần Châu, Quảng Ninh.","Nguồn: OpenStreetMap · Ảnh: sonpano, CC BY-SA 3.0, Wikimedia Commons",node/4730928605,
Quảng Ninh,"Hang Đầu Gỗ · Ngọc Châu, Tuần Châu, Quảng Ninh",Thiên nhiên,Trung Bình,4,20.9112131,107.0186598,https://thumb.wikimedia.org/wikipedia/commons/thumb/3/32/Dau_Go_cave%2C_H%E1%BA%A1_Long_Bay%2C_Vietnam_%2854146979492%29.jpg/960px-Dau_Go_cave%2C_H%E1%BA%A1_Long_Bay%2C_Vietnam_%2854146979492%29.jpg?utm_source=commons.wikimedia.org&utm_campaign=imageinfo&utm_content=thumbnail,"Hang động nằm tại Ngọc Châu, Tuần Châu, Quảng Ninh.","Nguồn: OpenStreetMap · Ảnh: Mustang Joe, CC0, Wikimedia Commons",node/4730928606,
Quảng Ninh,Hang Sửng Sốt · Quảng Ninh,Thiên nhiên,Trung Bình,3,20.8439972,107.091255,https://upload.wikimedia.org/wikipedia/commons/1/17/In_the_bay_near_Sung_Sot_cave_%283695239728%29.jpg?utm_source=commons.wikimedia.org&utm_campaign=imageinfo&utm_content=thumbnail_unscaled,Hang động nằm tại Quảng Ninh.,"Có thu phí tham quan · Nguồn: OpenStreetMap · Ảnh: Greg Willis from Denver, CO, usa, CC BY-SA 2.0, Wikimedia Commons",node/3494812595,
Quảng Ninh,"Hang Trinh Nữ · Hang Sửng Sốt, Quảng Ninh",Thiên nhiên,Trung Bình,3,20.8344798,107.1085606,https://thumb.wikimedia.org/wikipedia/commons/thumb/b/b7/View_from_Trinh_Nu_Cave_%283694433323%29.jpg/960px-View_from_Trinh_Nu_Cave_%283694433323%29.jpg?utm_source=commons.wikimedia.org&utm_campaign=imageinfo&utm_content=thumbnail,"Hang động nằm tại Hang Sửng Sốt, Quảng Ninh.","Nguồn: OpenStreetMap · Ảnh: Greg Willis from Denver, CO, usa, CC BY-SA 2.0, Wikimedia Commons",node/3887715188,
Quảng Ninh,"Đảo Cô Tô · Đường 9 tháng 5, Đồng Tiến, Quảng Ninh",Đảo,Dễ,3,20.983444,107.758804,https://thumb.wikimedia.org/wikipedia/commons/thumb/1/19/Co_To_Island_Quang_Ninh_Viet_Nam_%28160672609%29.jpeg/960px-Co_To_Island_Quang_Ninh_Viet_Nam_%28160672609%29.jpeg?utm_source=commons.wikimedia.org&utm_campaign=imageinfo&utm_content=thumbnail,"Hòn đảo nằm tại Đường 9 tháng 5, Đồng Tiến, Quảng Ninh.","Nguồn: OpenStreetMap · Ảnh: Tuấn Nguyễn, CC BY-SA 3.0, Wikimedia Commons",relation/15981181,
Quảng Trị,Vườn quốc gia Phong Nha - Kẻ Bàng · Quảng Trị,Vườn quốc gia,Trung Bình,10,17.555193,106.0859584,https://thumb.wikimedia.org/wikipedia/commons/thumb/c/c9/Phongnhakebang6.jpg/960px-Phongnhakebang6.jpg?utm_source=commons.wikimedia.org&utm_campaign=imageinfo&utm_content=thumbnail,"Vườn quốc gia Phong Nha – Kẻ Bàng là một vườn quốc gia của Việt Nam, nằm tại xã Bố Trạch và Minh Hóa, tỉnh Quảng Trị, cách phường Đồng Hới khoảng 50 km về phía Tây Bắc, cách thủ đô Hà Nội khoảng 500 km về phía nam. Vườn quốc gia này giáp khu bảo tồn thiên nhiên Hin Namno ở tỉnh Khammouan, Lào về phía tây; cách Biển Đông 42 km về phía đông kể từ đường biên giới của vườn quốc gia này.
Phong Nha-Kẻ Bàng nằm ở một khu vực núi đá vôi rộng khoảng 201.000 ha thuộc lãnh thổ Việt Nam, khu vực lãnh thổ Lào tiếp giáp vườn quốc gia này cũng có diện tích núi đá vôi khoảng 200.001 ha.","Website: https://phongnhakebang.vn/ · Nguồn: OpenStreetMap, Wikipedia · Ảnh: Genghiskhanviet, Public domain, Wikimedia Commons",relation/7039289,vi:Vườn quốc gia Phong Nha - Kẻ Bàng
Quảng Trị,"Chứng tích nhà thờ Tam tòa · Đường Nguyễn Du, Đồng Hới, Quảng Trị",Điểm tham quan,Dễ,8,17.4749775,106.6233497,https://thumb.wikimedia.org/wikipedia/commons/thumb/0/09/TamToa.jpg/960px-TamToa.jpg?utm_source=commons.wikimedia.org&utm_campaign=imageinfo&utm_content=thumbnail,"Di tích nhà thờ Tam Tòa là một di tích nhà thờ Công giáo tọa lạc đường Nguyễn Du, phường Đồng Hới, tỉnh Quảng Trị. Nơi đây từng là nhà thờ của giáo xứ Tam Tòa, được coi là một trong những nhà thờ đẹp nhất ở Việt Nam. Trong Chiến tranh Việt Nam, nhà thờ bị bom đạn Mỹ đánh sập, chỉ còn lại phế tích và được bảo tồn về sau như một chứng tích chiến tranh.","Nguồn: OpenStreetMap, Wikipedia · Ảnh: Toanvungtau, Public domain, Wikimedia Commons",way/343077412,vi:Di tích nhà thờ Tam Tòa
Quảng Trị,"Động Thiên Đường · Đường Hồ Chí Minh nhánh Tây, Phong Nha, Quảng Trị",Thiên nhiên,Trung Bình,8,17.5192008,106.223045,https://thumb.wikimedia.org/wikipedia/commons/thumb/8/88/Grotte_Thien_Duong.jpg/960px-Grotte_Thien_Duong.jpg?utm_source=commons.wikimedia.org&utm_campaign=imageinfo&utm_content=thumbnail,"Động Thiên Đường là một động tại vườn quốc gia Phong Nha – Kẻ Bàng, thuộc xã Phong Nha, tỉnh Quảng Trị, cách Đồng Hới 60 km về phía tây bắc. Hang động này nằm trong phân khu rừng phục hồi sinh thái, thuộc vùng lõi núi đá vôi của vườn quốc gia Phong Nha – Kẻ Bàng.
Động Thiên Đường được phát hiện năm 2005, Hiệp hội hang động Hoàng gia Anh khám phá từ năm 2005-2010 và năm 2010 họ công bố hang này có tổng chiều dài là 31,4 km, hang dài nhất châu Á. Do vẻ đẹp của nhũ đá và măng đá trong hang, họ đã đặt tên hang này là Thiên Đường.","Nguồn: OpenStreetMap, Wikipedia · Ảnh: Preparetavalise.com, CC BY-SA 4.0, Wikimedia Commons",node/3499295493,vi:Hang Thiên Đường
Quảng Trị,"Thành cổ Quảng Trị · Hai Bà Trưng, Khu phố 5, Quảng Trị",Di tích lịch sử,Dễ,8,16.7539301,107.1895363,https://thumb.wikimedia.org/wikipedia/commons/thumb/0/09/Th%C3%A0nh_c%E1%BB%95_Qu%E1%BA%A3ng_Tr%E1%BB%8B_4.jpg/960px-Th%C3%A0nh_c%E1%BB%95_Qu%E1%BA%A3ng_Tr%E1%BB%8B_4.jpg?utm_source=commons.wikimedia.org&utm_campaign=imageinfo&utm_content=thumbnail,"Thành cổ Quảng Trị hoặc Cổ thành Quảng Trị là một Di tích quốc gia đặc biệt của Việt Nam được xếp hạng đợt 4, tọa lạc ở trung tâm phường Quảng Trị, tỉnh Quảng Trị.
Theo tài liệu thì vào đầu thời Gia Long, thành Quảng Trị được xây dựng tại phường Tiền Kiên (Triệu Thành - Triệu Phong), đến năm 1809, vua Gia Long cho dời đến xã Thạch Hãn (tức vị trí ngày nay, thuộc phường 2, thị xã Quảng Trị). Ban đầu thành được đắp bằng đất, tới năm 1837 vua Minh Mạng cho xây lại bằng gạch.","Nguồn: OpenStreetMap, Wikipedia · Ảnh: Bùi Thụy Đào Nguyên, CC BY-SA 3.0, Wikimedia Commons",way/1189797496,vi:Thành cổ Quảng Trị
Quảng Trị,"Động Phong Nha · Quốc lộ 9G, Phong Nha, Quảng Trị",Thiên nhiên,Trung Bình,7,17.5813674,106.2830788,https://thumb.wikimedia.org/wikipedia/commons/thumb/c/c9/Phongnhakebang2.jpg/960px-Phongnhakebang2.jpg?utm_source=commons.wikimedia.org&utm_campaign=imageinfo&utm_content=thumbnail,"Động Phong Nha là một hang động trong Vườn quốc gia Phong Nha – Kẻ Bàng, Di sản thiên nhiên thế giới được UNESCO công nhận, thuộc xã Phong Nha, tỉnh Quảng Trị, cách phường Đồng Hới về phía Tây Bắc khoảng 45 km. Độ dài 7.729 mét và có 14 hang động, cũng như một con sông ngầm dài 13.969 mét. Trong khi các nhà khoa học đã khảo sát 44,5 km các lối đi, khách du lịch chỉ được phép khám phá 1500 mét đầu tiên.","Có thu phí tham quan · Nguồn: OpenStreetMap, Wikipedia · Ảnh: Genghiskhanviet, Public domain, Wikimedia Commons",node/3093700681,vi:Động Phong Nha
Quảng Trị,"Hang Sơn Đoòng · Đường Hồ Chí Minh nhánh Tây, Thượng Trạch, Quảng Trị",Thiên nhiên,Trung Bình,7,17.456944,106.2875,https://thumb.wikimedia.org/wikipedia/commons/thumb/5/51/Son_Doong_Cave_5.jpg/960px-Son_Doong_Cave_5.jpg?utm_source=commons.wikimedia.org&utm_campaign=imageinfo&utm_content=thumbnail,"Hang Sơn Đoòng là một hang động tự nhiên tại xã Thượng Trạch, tỉnh Quảng Trị, Việt Nam. Hang Sơn Đoòng được coi là hang động tự nhiên lớn nhất thế giới đã biết. Hang này nằm trong quần thể hang động Phong Nha-Kẻ Bàng.","Giá vé: 3000 USD/person · Website: https://oxalisadventure.com/vi/cave/hang-son-doong/ · Nguồn: OpenStreetMap, Wikipedia · Ảnh: Doug Knuth from Woodstock, IL, CC BY-SA 2.0, Wikimedia Commons",node/3157796075,vi:Hang Sơn Đoòng
Quảng Trị,"Hang Én · Đường Hồ Chí Minh nhánh Tây, Thượng Trạch, Quảng Trị",Thiên nhiên,Trung Bình,7,17.4348771,106.2997788,https://thumb.wikimedia.org/wikipedia/commons/thumb/4/43/Hang_%C3%89n_Cave_-_201505_-_JB.jpg/960px-Hang_%C3%89n_Cave_-_201505_-_JB.jpg?utm_source=commons.wikimedia.org&utm_campaign=imageinfo&utm_content=thumbnail,"Hang Én là một hang động nằm trong vườn quốc gia Phong Nha-Kẻ Bàng, thuộc tỉnh Quảng Trị. Hang Én có chiều dài hơn 1,6 km, gồm 3 cửa. Trần hang có nơi cao 100 m, nơi rộng nhất 170 m.","Có thu phí tham quan · Nguồn: OpenStreetMap, Wikipedia · Ảnh: Jérémie B., CC BY-SA 4.0, Wikimedia Commons",node/6358064546,vi:Hang Én
Quảng Trị,"Hệ thống hang Tú Làn · Đường tỉnh 559B, Kim Phú, Quảng Trị",Thiên nhiên,Trung Bình,7,17.7644955,106.0690028,https://thumb.wikimedia.org/wikipedia/commons/thumb/6/6b/Tu_Lan_Caves_System.jpg/960px-Tu_Lan_Caves_System.jpg?utm_source=commons.wikimedia.org&utm_campaign=imageinfo&utm_content=thumbnail,"Hệ thống hang Tú Làn nằm bên dòng Rao Nan ở xã Tân Hóa, huyện Minh Hóa, tỉnh Quảng Bình cũ (nay thuộc tỉnh Quảng Trị), cách Vườn quốc gia Phong Nha – Kẻ Bàng khoảng 70 km về phía tây bắc.","Nguồn: OpenStreetMap, Wikipedia · Ảnh: Bbbaongoc, CC BY-SA 4.0, Wikimedia Commons",node/14226656801,en:Tú Làn Caves System
Sơn La,Hồ Hòa Bình · Sơn La,Hồ,Dễ,8,21.0917326,104.6785247,https://upload.wikimedia.org/wikipedia/commons/5/50/H%E1%BB%93_th%E1%BB%A7y_%C4%91i%E1%BB%87n_H%C3%B2a_B%C3%ACnh.jpg?utm_source=commons.wikimedia.org&utm_campaign=imageinfo&utm_content=thumbnail_unscaled,"Hồ Hòa Bình hay hồ thủy điện Hòa Bình là công trình chứa nước cung cấp cho nhà máy thủy điện Hòa Bình. Dự trữ nước vào mùa khô.
Đây là hồ chứa nước nhân tạo lớn nhất Việt Nam, nằm trên sông Đà, có chiều dài 230 km từ Phú Thọ đi Sơn La.","Nguồn: OpenStreetMap, Wikipedia · Ảnh: Northern Vietnam, CC BY-SA 4.0, Wikimedia Commons",relation/444012,vi:Hồ Hòa Bình
Tây Ninh,"Núi Bà Đen · Bình Minh, Tây Ninh",Núi / đỉnh,Dễ,8,11.3823834,106.170221,https://thumb.wikimedia.org/wikipedia/commons/thumb/b/b6/M%E1%BB%99t_h%E1%BB%93_n%C6%B0%E1%BB%9Bc_t%E1%BA%A1i_Ma_Thi%C3%AAn_L%C3%A3nh.jpg/960px-M%E1%BB%99t_h%E1%BB%93_n%C6%B0%E1%BB%9Bc_t%E1%BA%A1i_Ma_Thi%C3%AAn_L%C3%A3nh.jpg?utm_source=commons.wikimedia.org&utm_campaign=imageinfo&utm_content=thumbnail,"Núi Bà Đen là ngọn núi lửa đã tắt nằm phần lớn ở phường Bình Minh, tỉnh Tây Ninh, Việt Nam. Với độ cao 986 m, đây là ngọn núi cao nhất miền Nam Việt Nam hiện nay, được mệnh danh ""Đệ nhất thiên sơn"".
Theo Gia Định thành thông chí, tên gốc của núi Bà Đen là Bà Dinh.","Nguồn: OpenStreetMap, Wikipedia · Ảnh: Khangdora2809, CC BY-SA 4.0, Wikimedia Commons",node/4701562591,vi:Núi Bà Đen
Thái Nguyên,"Vườn quốc gia Ba Bể · Nam Mẫu, Ba Bể, Thái Nguyên",Vườn quốc gia,Trung Bình,9,22.4156286,105.6230961,https://thumb.wikimedia.org/wikipedia/commons/thumb/4/47/Ba_Be_Lake_6464.jpg/960px-Ba_Be_Lake_6464.jpg?utm_source=commons.wikimedia.org&utm_campaign=imageinfo&utm_content=thumbnail,"Vườn quốc gia Ba Bể là một vườn quốc gia, rừng đặc dụng, khu du lịch sinh thái của Việt Nam, nằm trên địa phận tỉnh Thái Nguyên, với trung tâm là hồ Ba Bể.
Vườn quốc gia Ba Bể được thành lập theo Quyết định số 83/TTg ngày 10 tháng 11 năm năm 1992 của Thủ tướng Chính phủ.","Website: https://vuonquocgiababe.com/ · Nguồn: OpenStreetMap, Wikipedia · Ảnh: Daniel Vaulot, CC BY-SA 2.5, Wikimedia Commons",relation/7110785,vi:Vườn quốc gia Ba Bể
Thái Nguyên,"Hồ Núi Cốc · Đường tỉnh 270, Đại Phúc, Thái Nguyên",Hồ,Dễ,8,21.5774675,105.6913114,https://thumb.wikimedia.org/wikipedia/commons/thumb/f/ff/Nui_Coc_Lake5.jpg/960px-Nui_Coc_Lake5.jpg?utm_source=commons.wikimedia.org&utm_campaign=imageinfo&utm_content=thumbnail,"Hồ Núi Cốc là một hồ nước ngọt nhân tạo tại xã Đại Phúc, tỉnh Thái Nguyên, Việt Nam. Đây là một địa điểm du lịch hấp dẫn của tỉnh Thái Nguyên. Không những thế nó còn được gắn với huyền thoại về chuyện tình nàng Công và chàng Cốc.","Nguồn: OpenStreetMap, Wikipedia · Ảnh: Khanhlinh061288, CC BY-SA 3.0, Wikimedia Commons",relation/6645630,vi:Hồ Núi Cốc
Thái Nguyên,"Hồ Ba Bể · Nam Mẫu, Ba Bể, Thái Nguyên",Hồ,Dễ,7,22.4185535,105.6166294,https://thumb.wikimedia.org/wikipedia/commons/thumb/c/c5/Babenp_2007_01_3.jpg/960px-Babenp_2007_01_3.jpg?utm_source=commons.wikimedia.org&utm_campaign=imageinfo&utm_content=thumbnail,"Hồ Ba Bể là một hồ nước ngọt ở Thái Nguyên, Việt Nam. Đây là hồ nước ngọt tự nhiên lớn nhất Việt Nam và là một trong một trăm hồ nước ngọt lớn nhất thế giới. Hồ nằm trong Vườn quốc gia Ba Bể, nơi đây được công nhận là khu du lịch quốc gia Việt Nam.","Nguồn: OpenStreetMap, Wikipedia · Ảnh: Rolf Müller ( Rolfmueller ), CC BY-SA 3.0, Wikimedia Commons",relation/7109450,vi:Hồ Ba Bể
Thái Nguyên,"Suối Mỏ Gà · Võ Nhai, Thái Nguyên",Thác nước,Trung Bình,4,21.7749786,106.1194164,https://thumb.wikimedia.org/wikipedia/commons/thumb/a/ac/Mo_Ga_stream.jpg/960px-Mo_Ga_stream.jpg?utm_source=commons.wikimedia.org&utm_campaign=imageinfo&utm_content=thumbnail,"Con suối nằm tại Võ Nhai, Thái Nguyên.","Nguồn: OpenStreetMap · Ảnh: Hoàng Lương, CC0, Wikimedia Commons",node/5630671821,
Thanh Hoá,"Thành Nhà Hồ · Đường Thành, Tây Đô, Thanh Hoá",Di tích lịch sử,Dễ,10,20.0780149,105.6044464,https://thumb.wikimedia.org/wikipedia/commons/thumb/0/06/Ho_dynasty%27s_citadel%2C_Vietnam.jpg/960px-Ho_dynasty%27s_citadel%2C_Vietnam.jpg?utm_source=commons.wikimedia.org&utm_campaign=imageinfo&utm_content=thumbnail,"Thành nhà Hồ (hay còn gọi là thành Tây Đô, thành An Tôn, thành Tây Kinh hay thành Tây Giai) là kinh đô nước Đại Ngu (quốc hiệu Việt Nam dưới thời nhà Hồ), nằm trên địa phận tỉnh Thanh Hóa. Đây là tòa thành kiên cố với kiến trúc độc đáo bằng đá có quy mô lớn hiếm hoi ở Việt Nam, có giá trị và độc đáo nhất, duy nhất còn lại ở tại Đông Nam Á và là một trong rất ít những thành lũy bằng đá còn lại trên thế giới. Thành được xây dựng trong thời gian ngắn, chỉ khoảng 3 tháng (từ tháng Giêng đến tháng 3 năm 1397) và cho đến nay, dù đã tồn tại hơn 6 thế kỷ nhưng một số đoạn của tòa thành này còn lại tương đối nguyên vẹn.","Nguồn: OpenStreetMap, Wikipedia · Ảnh: Loi Nguyen Duc, CC BY 2.0, Wikimedia Commons",way/242169982,vi:Thành nhà Hồ
Thanh Hoá,"Bãi biển Sầm Sơn · Trung Sơn, Sầm Sơn, Thanh Hoá",Bãi biển,Dễ,9,19.7444124,105.9079805,https://thumb.wikimedia.org/wikipedia/commons/thumb/d/da/B%C3%A3i_bi%E1%BB%83n_S%E1%BA%A7m_S%C6%A1n.JPG/960px-B%C3%A3i_bi%E1%BB%83n_S%E1%BA%A7m_S%C6%A1n.JPG?utm_source=commons.wikimedia.org&utm_campaign=imageinfo&utm_content=thumbnail,"Bãi biển Sầm Sơn là một trong những bãi biển đẹp nhất Việt Nam và luôn là bãi biển đông khách nhất miền Bắc, Việt Nam. Bãi biển thuộc phường Sầm Sơn, tỉnh Thanh Hóa. Bờ biển cách thành phố Thanh Hóa cũ 16 km về phía Đông, cách Hà Nội 164 km tương đương 2,5 giờ đi xe.","Nguồn: OpenStreetMap, Wikipedia · Ảnh: Nguyễn Thanh Quang, CC BY-SA 4.0, Wikimedia Commons",way/478007377,vi:Bãi biển Sầm Sơn
Thành phố Đà Nẵng,"Bãi biển Mỹ Khê · An Hải, Đà Nẵng",Bãi biển,Dễ,9,16.0756098,108.2547352,https://thumb.wikimedia.org/wikipedia/commons/thumb/c/c0/My_Khe_Beach%2C_Da_Nang%2C_Vietnam.jpg/960px-My_Khe_Beach%2C_Da_Nang%2C_Vietnam.jpg?utm_source=commons.wikimedia.org&utm_campaign=imageinfo&utm_content=thumbnail,"Mỹ Khê là một bãi biển trung tâm ở Đà Nẵng, Việt Nam.","Nguồn: OpenStreetMap, Wikipedia · Ảnh: . Ray in Manila, CC BY 2.0, Wikimedia Commons",relation/19000664,vi:Bãi biển Mỹ Khê
Thành phố Đà Nẵng,"Thánh địa Mỹ Sơn · Cầu Thẻ - Mỹ Sơn, Thu Bồn, Đà Nẵng",Di tích lịch sử,Dễ,9,15.7655769,108.1223336,https://thumb.wikimedia.org/wikipedia/commons/thumb/f/f3/2024_-_M%E1%BB%B9_S%C6%A1n_Sanctuary_Temple_E7_-_img_01.jpg/960px-2024_-_M%E1%BB%B9_S%C6%A1n_Sanctuary_Temple_E7_-_img_01.jpg?utm_source=commons.wikimedia.org&utm_campaign=imageinfo&utm_content=thumbnail,"Thánh địa Mỹ Sơn thuộc xã Thu Bồn, thành phố Đà Nẵng, cách trung tâm thành phố khoảng 40 km (đường bộ) và gần thành cổ Trà Kiệu, bao gồm nhiều đền đài Chăm Pa, trong một thung lũng đường kính khoảng 2 km, bao quanh bởi đồi núi. Đây từng là nơi tổ chức cúng tế của vương triều Chăm Pa. Thánh địa Mỹ Sơn được coi là một trong những trung tâm đền đài chính của Ấn Độ giáo ở khu vực Đông Nam Á và là di sản duy nhất của thể loại này tại Việt Nam.","Giờ mở cửa: hằng ngày 06:00-18:00 · Website: https://disanvanhoamyson.vn/ · Nguồn: OpenStreetMap, Wikipedia · Ảnh: Chainwit., CC BY 4.0, Wikimedia Commons",way/198804483,vi:Thánh địa Mỹ Sơn
Thành phố Đà Nẵng,"Chùa Cầu · Phố cổ Hội An, Hội An, Đà Nẵng",Điểm tham quan,Dễ,8,15.8771173,108.326023,https://thumb.wikimedia.org/wikipedia/commons/thumb/b/b8/2024_H%E1%BB%99i_An_-_Japanese_Covered_Bridge_%28Ch%C3%B9a_C%E1%BA%A7u%29_after_renovation_-_img_11.jpg/960px-2024_H%E1%BB%99i_An_-_Japanese_Covered_Bridge_%28Ch%C3%B9a_C%E1%BA%A7u%29_after_renovation_-_img_11.jpg?utm_source=commons.wikimedia.org&utm_campaign=imageinfo&utm_content=thumbnail,"Chùa Cầu là một cây cầu cổ trong khu phố cổ Hội An, thành phố Đà Nẵng, Việt Nam. Cầu còn có tên gọi Cầu Nhật Bản hay Lai Viễn Kiều.","Nguồn: OpenStreetMap, Wikipedia · Ảnh: Chainwit., CC BY 4.0, Wikimedia Commons",way/39268284,vi:Chùa Cầu
Thành phố Đà Nẵng,Ngũ Hành Sơn · Đà Nẵng,Điểm tham quan,Dễ,8,16.0017096,108.2596132,https://thumb.wikimedia.org/wikipedia/commons/thumb/7/70/Marble_Mountains_View_3.JPG/960px-Marble_Mountains_View_3.JPG?utm_source=commons.wikimedia.org&utm_campaign=imageinfo&utm_content=thumbnail,"Ngũ Hành Sơn (chữ Hán: 五行山) là một danh thắng gồm 6 ngọn núi đá vôi nhô lên trên một bãi cát ven biển, trên một diện tích khoảng 2 km² nằm cách trung tâm thành phố Đà Nẵng, Việt Nam khoảng 8 km về phía Đông Nam, ngay trên tuyến đường Đà Nẵng - Hội An; nay thuộc phường Ngũ Hành Sơn, thành phố Đà Nẵng. Ngũ Hành Sơn gồm các ngọn núi: Mộc Sơn, Thủy Sơn (lớn, cao và đẹp nhất), Thổ Sơn, Kim Sơn và Hỏa Sơn (có hai ngọn là Dương Hỏa Sơn và Âm Hỏa Sơn).
Ngày 22 tháng 3 năm 1990, khu danh thắng này đã được Bộ Văn hóa (nay là Bộ Văn hóa, Thể thao và Du lịch) ra quyết định công nhận là Di tích Lịch sử Văn hóa cấp Quốc gia.","Website: https://nguhanhson.org · Nguồn: OpenStreetMap, Wikipedia · Ảnh: Dragfyre, CC BY-SA 3.0, Wikimedia Commons",relation/8552348,vi:Ngũ Hành Sơn
Thành phố Đà Nẵng,"Di San Vô Giá · 26 Phan Bội Châu, Phố cổ Hội An, Hội An, Đà Nẵng",Bảo tàng,Dễ,8,15.8771754,108.3342411,https://thumb.wikimedia.org/wikipedia/commons/thumb/b/b2/Precious-Heritage-Museum-Vietnam-Hoian-Rehahn.jpg/960px-Precious-Heritage-Museum-Vietnam-Hoian-Rehahn.jpg?utm_source=commons.wikimedia.org&utm_campaign=imageinfo&utm_content=thumbnail,"Bảo tàng nghệ thuật Di sản vô giá được đặt tại phố cổ Hội An, Việt Nam. Thành lập vào ngày 1 tháng 1 năm 2017, bảo tàng giới thiệu sự đa dạng văn hoá của các dân tộc Việt Nam thông qua những bức ảnh chân dung với kích thước lớn, trang phục truyền thống của từng dân tộc cùng những trải nghiệm, câu chuyện được chia sẻ qua từng chuyến đi và các cuộc gặp gỡ. Bảo tàng Di sản vô giá là kết quả của Dự án Di sản vô giá, được thực hiện trong suốt một thập kỷ của nhiếp ảnh gia người Pháp Réhahn.","Giờ mở cửa: hằng ngày 08:00-20:00 · Miễn phí tham quan · Điện thoại: 05106558382 · Website: https://www.rehahnphotographer.com · Nguồn: OpenStreetMap, Wikipedia · Ảnh: Fiorellaoliva20, CC BY-SA 4.0, Wikimedia Commons",node/12344125229,vi:Bảo tàng Nghệ thuật Di sản vô giá
Thành phố Đà Nẵng,"Bảo tàng Nghệ thuật Điêu khắc Chăm Đà Nẵng · Đường Bạch Đằng, Tổ dân phố 3, Hòa Cường, Đà Nẵng",Bảo tàng,Dễ,8,16.0601964,108.223168,https://thumb.wikimedia.org/wikipedia/commons/thumb/b/be/Le_mus%C3%A9e_Cham_%28Da_Nang%29_%284395751687%29.jpg/960px-Le_mus%C3%A9e_Cham_%28Da_Nang%29_%284395751687%29.jpg?utm_source=commons.wikimedia.org&utm_campaign=imageinfo&utm_content=thumbnail,"Bảo tàng Điêu khắc Chăm Đà Nẵng, còn được gọi là Bảo tàng Chàm (dịch từ Musée Cham) là bảo tàng sưu tầm, lưu giữ và trưng bày hiện vật Chăm quy mô nhất ở Việt Nam.
Bảo tàng được xây dựng và khánh thành bởi Trường Viễn Đông Bác cổ (École Française d'Extrême-Orient, EFEO), chuyên sưu tập, cất giữ và trưng bày các di vật điêu khắc của vương quốc Chăm Pa tìm thấy ở các tháp, thành lũy Chăm tại các tỉnh duyên hải Nam Trung Bộ từ Quảng Bình, Quảng Trị tới Bình Thuận và các tỉnh Tây Nguyên.","Có thu phí tham quan · Nguồn: OpenStreetMap, Wikipedia · Ảnh: Jean-Pierre Dalbéra from Paris, France, CC BY 2.0, Wikimedia Commons",way/302872188,vi:Bảo tàng Nghệ thuật điêu khắc Chăm Đà Nẵng
Thành phố Đà Nẵng,"Tháp Bằng An · Đường Trần Quý Cáp, Điện Bàn, Đà Nẵng",Di tích lịch sử,Dễ,8,15.8845159,108.2326904,https://thumb.wikimedia.org/wikipedia/commons/thumb/1/1f/Th%C3%A1p_B%E1%BA%B1ng_An%2C_%C4%90i%E1%BB%87n_B%C3%A0n%2C_Qu%E1%BA%A3ng_Nam.JPG/960px-Th%C3%A1p_B%E1%BA%B1ng_An%2C_%C4%90i%E1%BB%87n_B%C3%A0n%2C_Qu%E1%BA%A3ng_Nam.JPG?utm_source=commons.wikimedia.org&utm_campaign=imageinfo&utm_content=thumbnail,"Tháp Bằng An là một trong những tháp Chăm cổ còn sót lại ở thành phố Đà Nẵng. Tháp thuộc địa phận phường An Thắng; cách trung tâm Đà Nẵng khoảng 30 km, cách đô thị cổ Hội An khoảng 14 km và cách Quốc lộ 1 khoảng 1,2 km.","Nguồn: OpenStreetMap, Wikipedia · Ảnh: Dongson*vmvn at Vietnamese Wikipedia, CC BY-SA 3.0, Wikimedia Commons",node/7520818185,vi:Tháp Bằng An
Thành phố Đà Nẵng,Hồ Phú Ninh · Đà Nẵng,Hồ,Dễ,8,15.4661112,108.4586777,https://thumb.wikimedia.org/wikipedia/commons/thumb/0/05/Phuninh_Lake.JPG/960px-Phuninh_Lake.JPG?utm_source=commons.wikimedia.org&utm_campaign=imageinfo&utm_content=thumbnail,"Hồ Phú Ninh là một hồ chứa nước nhân tạo, hồ nằm cách thành phố Tam Kỳ khoảng 7 km về phía tây thuộc địa phận huyện Núi Thành và huyện Phú Ninh tỉnh Quảng Nam, cách thành phố Đà Nẵng (có sân bay quốc tế) khoảng 70 km, cách sân bay Chu Lai của tỉnh Quảng Nam khoảng 15 km. Đập chính nằm tại xã Tam Ngọc, Thành phố Tam Kỳ, có tọa độ địa lý 15°30' Bắc và 108°43' Đông. Công trình được khai thác bởi Công ty Khai thác thủy lợi Phú Ninh.","Nguồn: OpenStreetMap, Wikipedia · Ảnh: Viet Trinh Quoc, CC BY-SA 3.0, Wikimedia Commons",relation/1921965,vi:Hồ Phú Ninh
Thành phố Đà Nẵng,"Cầu Rồng · Tổ dân phố An Mỹ 2, An Hải, Đà Nẵng",Điểm tham quan,Dễ,7,16.0612476,108.2296554,https://thumb.wikimedia.org/wikipedia/commons/thumb/4/4a/C%E1%BA%A7u_R%E1%BB%93ng.jpg/960px-C%E1%BA%A7u_R%E1%BB%93ng.jpg?utm_source=commons.wikimedia.org&utm_campaign=imageinfo&utm_content=thumbnail,"Cầu Rồng là cây cầu thép kết hợp kết cấu vòm, dầm và dây, mô phỏng hình con rồng vượt sông Hàn ở Đà Nẵng. Đây là cây cầu thép hình rồng lớn nhất thế giới.","Nguồn: OpenStreetMap, Wikipedia · Ảnh: Bùi Thụy Đào Nguyên, CC BY-SA 3.0, Wikimedia Commons",node/11161070775,en:Dragon_Bridge_(Da_Nang)
Thành phố Đà Nẵng,"Cầu Vàng · Bà Nà, Đà Nẵng",Điểm tham quan,Dễ,7,15.9949242,107.9962304,https://thumb.wikimedia.org/wikipedia/commons/thumb/a/a5/The_Golden_Bridge%2C_Ba_Na_Hills%2C_Vietnam.jpg/960px-The_Golden_Bridge%2C_Ba_Na_Hills%2C_Vietnam.jpg?utm_source=commons.wikimedia.org&utm_campaign=imageinfo&utm_content=thumbnail,"Cầu Vàng (tiếng Anh: Golden Bridge) là tên một cây cầu bộ hành dài khoảng 150 m (khoảng 490 ft) tại khu nghỉ dưỡng Bà Nà, Đà Nẵng, Việt Nam. Nằm ở độ cao khoảng 1.414 m (so với mực nước biển) trên núi Bà Nà, cầu nối liền trạm cáp treo với các khu vườn khác của khu nghỉ dưỡng. Ở giữa cầu có hai bàn tay lớn được thi công bằng lắp ráp khung xương và đắp vữa vào bên ngoài để tạo điểm nhấn cho cây cầu.","Nguồn: OpenStreetMap, Wikipedia · Ảnh: . Ray in Manila, CC BY 2.0, Wikimedia Commons",way/683416736,vi:Cầu Vàng
Thành phố Đà Nẵng,"Bảo tàng Hội An · 10B Trần Hưng Đạo, An Hội, Hội An, Đà Nẵng",Bảo tàng,Dễ,7,15.8803099,108.3294674,https://thumb.wikimedia.org/wikipedia/commons/thumb/7/7c/Hoi_An_Museum_main_building.jpg/960px-Hoi_An_Museum_main_building.jpg?utm_source=commons.wikimedia.org&utm_campaign=imageinfo&utm_content=thumbnail,"Bảo tàng Hội An còn gọi là Bảo tàng lịch sử văn hóa Hội An là bảo tàng lịch sử tọa lạc tại số 10B Trần Hưng Đạo, phường Hội An, thành phố Đà Nẵng, Việt Nam.
Bảo tàng này có diện tích khoảng 800m2 được thành lập vào ngày 10 tháng 11 năm 1989. Hiện tại, bảo tàng đang trưng bày hàng trăm hiện vật, bao gồm hiện vật gốc và tư liệu hình ảnh về khu phố cổ Hội An từ thời kỳ cổ xưa cho đến hiện nay.","Giờ mở cửa: hằng ngày 07:30-11:30,13:30-17:30 · Nguồn: OpenStreetMap, Wikipedia · Ảnh: Mztourist, CC BY-SA 4.0, Wikimedia Commons",way/565592419,vi:Bảo tàng Hội An
Thành phố Đà Nẵng,Núi Sơn Trà · Đà Nẵng,Núi / đỉnh,Dễ,7,16.1195909,108.2866498,https://thumb.wikimedia.org/wikipedia/commons/thumb/8/8d/Ban_dao_Son_Tra.jpg/960px-Ban_dao_Son_Tra.jpg?utm_source=commons.wikimedia.org&utm_campaign=imageinfo&utm_content=thumbnail,"Núi Sơn Trà, hoặc gọi là núi Khỉ, là một ngọn núi và bán đảo thuộc phường Sơn Trà, thành phố Đà Nẵng, Việt Nam, phía tây giáp vịnh Đà Nẵng, phía đông bắc và phía đông nam giáp biển Đông, phía tây nam do phù sa sông Hàn bồi đắp mà nối với đất liền hình thành bán đảo Sơn Trà, là điểm cuối cùng của dãy núi Trường Sơn Bắc. Bến cảng Tiên Sa thuộc cảng Đà Nẵng nằm ở chân núi phía tây, sát gần bãi biển Tiên Sa.
Địa điểm này là khu bảo tồn thiên nhiên nổi tiếng và thắng cảnh du lịch nằm gần thành phố.","Nguồn: OpenStreetMap, Wikipedia · Ảnh: Phó Nháy, Public domain, Wikimedia Commons",node/1623183649,vi:Sơn Trà
Thành phố Đà Nẵng,"Khối núi Ngọc Linh · Ngọc Linh, Đà Nẵng",Núi / đỉnh,Khó,7,15.0690415,107.9749364,https://thumb.wikimedia.org/wikipedia/commons/thumb/9/99/Ru%E1%BB%99ng_b%E1%BA%ADc_thang_%E1%BB%9F_Ng%E1%BB%8Dc_Linh.jpg/960px-Ru%E1%BB%99ng_b%E1%BA%ADc_thang_%E1%BB%9F_Ng%E1%BB%8Dc_Linh.jpg?utm_source=commons.wikimedia.org&utm_campaign=imageinfo&utm_content=thumbnail,"Khối núi Ngọc Linh hay Ngọc Linh liên sơn là khối núi cao nhất miền Trung, Việt Nam nằm trên dải Trường Sơn, là một phần của Trường Sơn Nam. Khối núi này nằm trên phần cao nguyên phía Bắc của khu vực Duyên hải Nam Trung Bộ và Tây Nguyên của Việt Nam. Dãy núi này thuộc địa phận quản lý của thành phố Đà Nẵng, tỉnh Quảng Ngãi và tỉnh Gia Lai; trong đó phần đỉnh núi cao nhất của khối núi này có độ cao khoảng 2.600m thuộc địa phận của thành phố Đà Nẵng.","Nguồn: OpenStreetMap, Wikipedia · Ảnh: Tokeisan, CC BY-SA 3.0, Wikimedia Commons",node/6052877571,vi:Khối núi Ngọc Linh
Thành phố Đà Nẵng,Vịnh Đà Nẵng · Đà Nẵng,Thiên nhiên,Trung Bình,7,16.1371683,108.1828809,https://thumb.wikimedia.org/wikipedia/commons/thumb/3/38/Da_Nang_from_the_sky_%2844622547095%29.jpg/960px-Da_Nang_from_the_sky_%2844622547095%29.jpg?utm_source=commons.wikimedia.org&utm_campaign=imageinfo&utm_content=thumbnail,"Vịnh Đà Nẵng, còn có các tên gọi khác là Vũng Thùng, Vịnh Hàn hay Vịnh Tourane, là vịnh ven bờ biển tại thành phố Đà Nẵng, Việt Nam. Đây là một vùng vịnh khá rộng, tương đối sâu và kín gió, ít sóng, thuận tiện cho tàu thuyền ra vào và tránh gió bão khi đi ngang qua miền Trung.
Vịnh được giới hạn bởi núi Hải Vân và bán đảo Sơn Trà, có diện tích 116 km², chu vi là 46 km.","Nguồn: OpenStreetMap, Wikipedia · Ảnh: Raita Futo from Tokyo, Japan, CC BY 2.0, Wikimedia Commons",relation/16028838,vi:Vịnh Đà Nẵng
Thành phố Đà Nẵng,"Tượng đài Kazimierz Kwiatkowski · Công viên Kazik, Phố cổ Hội An, Hội An, Đà Nẵng",Di tích lịch sử,Dễ,7,15.8772786,108.3277903,https://thumb.wikimedia.org/wikipedia/commons/thumb/3/3f/Pomnik_Kazimierza_Kwiatkowskiego_w_Hoi_An-Wietnam.jpg/960px-Pomnik_Kazimierza_Kwiatkowskiego_w_Hoi_An-Wietnam.jpg?utm_source=commons.wikimedia.org&utm_campaign=imageinfo&utm_content=thumbnail,"Kazimierz Kwiatkowski (1944 - 1997), còn được biết tới tại Việt Nam với tên gọi thân mật kiến trúc sư Kazik và Thầy lang (tiếng Ba Lan: Znachor), là một kiến trúc sư, nhà bảo tồn người Ba Lan. Ông được biết tới qua những nỗ lực bảo tồn các di tích lịch sử và khảo cổ tại Việt Nam như Hoàng thành Huế, Hội An, Thánh địa Mỹ Sơn.","Website: https://vi.m.wikipedia.org/wiki/Kazimierz_Kwiatkowski · Nguồn: OpenStreetMap, Wikipedia · Ảnh: Irdyb, CC BY-SA 3.0, Wikimedia Commons",node/2617007574,vi:Kazimierz Kwiatkowski
Thành phố Đà Nẵng,"Chùa Hải Tạng · Bãi Làng, Đà Nẵng",Chùa / đền / nhà thờ,Dễ,7,15.9606674,108.5065176,https://thumb.wikimedia.org/wikipedia/commons/thumb/2/2d/Chua_hai_tang.jpg/960px-Chua_hai_tang.jpg?utm_source=commons.wikimedia.org&utm_campaign=imageinfo&utm_content=thumbnail,"Chùa Hải Tạng là một ngôi cổ tự trên đảo Cù lao Chàm, xã Tân Hiệp, thành phố Đà Nẵng. Chùa được xây dựng vào năm 1758 (năm Cảnh Hưng thứ 19). Chùa tọa lạc sát chân núi phía tây của Đảo Hòn Lao, lưng tựa vào núi, mặt nhìn ra một thung lũng nhỏ là cánh đồng lúa duy nhất của Cù lao Chàm.","Nguồn: OpenStreetMap, Wikipedia · Ảnh: Lê Thy at Vietnamese Wikipedia, Public domain, Wikimedia Commons",node/1819451633,vi:Chùa Hải Tạng
Thành phố Đà Nẵng,"Chùa Phước Lâm · Đường Bờ Hồ 1, Hội An Tây, Đà Nẵng",Chùa / đền / nhà thờ,Dễ,7,15.8924646,108.3236643,https://thumb.wikimedia.org/wikipedia/commons/thumb/6/69/Phuoc_Lam_Pagoda_1.jpg/960px-Phuoc_Lam_Pagoda_1.jpg?utm_source=commons.wikimedia.org&utm_campaign=imageinfo&utm_content=thumbnail,"Chùa Phước Lâm là một ngôi chùa cổ ở Hội An, thuộc tỉnh Quảng Nam cũ (nay là thành phố Đà Nẵng).","Nguồn: OpenStreetMap · Ảnh: Christophe95, CC BY-SA 4.0, Wikimedia Commons",way/474383101,
Thành phố Đà Nẵng,"Công viên Hội An · Hội An, Đà Nẵng",Công viên,Dễ,5,15.8802557,108.3340518,https://thumb.wikimedia.org/wikipedia/commons/thumb/3/37/Hoi_An_Park.jpg/960px-Hoi_An_Park.jpg?utm_source=commons.wikimedia.org&utm_campaign=imageinfo&utm_content=thumbnail,"Công viên nằm tại Hội An, Đà Nẵng.","Nguồn: OpenStreetMap, Wikipedia · Ảnh: Vano111ru, CC BY-SA 4.0, Wikimedia Commons",way/1077108382,vi:Công viên Hội An
Thành phố Hà Nội,"Nhà hát Lớn · 1A Phố Tràng Tiền, Cửa Nam, Hà Nội",Điểm tham quan,Dễ,9,21.0241925,105.8578253,https://thumb.wikimedia.org/wikipedia/commons/thumb/5/52/Hanoi_Opera_House%2C_24_December_2016.jpg/960px-Hanoi_Opera_House%2C_24_December_2016.jpg?utm_source=commons.wikimedia.org&utm_campaign=imageinfo&utm_content=thumbnail,"Nhà hát Lớn Hà Nội là một công trình kiến trúc tại thành phố Hà Nội, Việt Nam, phục vụ biểu diễn nghệ thuật. Nhà hát tọa lạc trên quảng trường Cách mạng tháng Tám, vị trí ở số 1A phố Tràng Tiền, phường Cửa Nam, thành phố Hà Nội, không xa hồ Hoàn Kiếm và Bảo tàng Lịch sử Việt Nam, cạnh khách sạn Hilton Hanoi Opera, nhìn ra các vườn hoa Nhà hát Lớn và vườn hoa 19-8. Công trình được người Pháp khởi công xây dựng năm 1901 và hoàn thành năm 1911, theo mẫu Nhà hát Opéra Garnier ở Paris nhưng mang tầm vóc nhỏ hơn và sử dụng các vật liệu phù hợp với điều kiện khí hậu địa phương.","Nguồn: OpenStreetMap, Wikipedia · Ảnh: xiquinhosilva, CC BY 2.0, Wikimedia Commons",way/37933050,vi:Nhà hát Lớn Hà Nội
Thành phố Hà Nội,"Nhà tù Hoả Lò · 1 Phố Hỏa Lò, Cửa Nam, Hà Nội",Bảo tàng,Dễ,9,21.0253763,105.8464274,https://thumb.wikimedia.org/wikipedia/commons/thumb/9/95/HanoiHilton.jpg/960px-HanoiHilton.jpg?utm_source=commons.wikimedia.org&utm_campaign=imageinfo&utm_content=thumbnail,"Nhà tù Hỏa Lò hay nhà lao Hỏa Lò là một nhà tù do thực dân Pháp xây dựng trên khu đất xưa thuộc làng Hỏa Lò, nay có địa chỉ: số 1 phố Hỏa Lò, phường Cửa Nam, thành phố Hà Nội, Việt Nam.
Nhà tù Hỏa Lò là một địa danh nổi tiếng bởi từng là nơi giam giữ rất nhiều nhà cách mạng lớn của Việt Nam trong Chiến tranh Đông Dương và phi công Mỹ trong Chiến tranh Việt Nam. Địa danh này được Bộ Văn hoá Thể thao và Du lịch của Việt Nam ra quyết định số 1543-QĐ/VH ngày 18/6/1997 công nhận là di tích lịch sử.","Giờ mở cửa: hằng ngày 08:00-17:00 · Điện thoại: +84 439342253 · Nguồn: OpenStreetMap, Wikipedia · Ảnh: Public domain, Wikimedia Commons",way/340128580,vi:Nhà tù Hỏa Lò
Thành phố Hà Nội,"Lăng Chủ tịch Hồ Chí Minh · 1 Đường Hùng Vương, Ba Đình, Hà Nội",Di tích lịch sử,Dễ,9,21.0367617,105.8346919,https://thumb.wikimedia.org/wikipedia/commons/thumb/0/0a/Ho_chi_minh_mausoleum.jpg/960px-Ho_chi_minh_mausoleum.jpg?utm_source=commons.wikimedia.org&utm_campaign=imageinfo&utm_content=thumbnail,"Lăng Chủ tịch Hồ Chí Minh, còn gọi là Lăng Hồ Chủ tịch, Lăng Bác, là nơi gìn giữ thi hài Chủ tịch Hồ Chí Minh. Lăng được chính thức khởi công ngày 2 tháng 9 năm 1973, tại vị trí lễ đài cũ giữa Quảng trường Ba Đình, nơi Chủ tịch Hồ Chí Minh từng chủ trì các cuộc gặp mặt quan trọng.
Lăng được khánh thành vào ngày 29 tháng 8 năm 1975, gồm 3 lớp với chiều cao 21,6 m, chiều rộng 41,2 m; lớp dưới tạo dáng bậc thềm tam cấp, lớp giữa là kết cấu trung tâm của lăng gồm phòng thi hài và những hành lang, những cầu thang.","Giờ mở cửa: T3-T5 07:30-10:30; T7,CN 07:30-11:00 · Nguồn: OpenStreetMap, Wikipedia · Ảnh: Gregor Dodson, CC BY-SA 2.0, Wikimedia Commons",way/37625751,vi:Lăng Chủ tịch Hồ Chí Minh
Thành phố Hà Nội,"Phủ Chủ Tịch · Đường Xoài, Ba Đình, Hà Nội",Di tích lịch sử,Dễ,9,21.0393019,105.8344412,https://thumb.wikimedia.org/wikipedia/commons/thumb/f/f7/Presidential_Palace_of_Vietnam.jpg/960px-Presidential_Palace_of_Vietnam.jpg?utm_source=commons.wikimedia.org&utm_campaign=imageinfo&utm_content=thumbnail,"Phủ Chủ tịch tại Hà Nội, Việt Nam từng là nơi làm việc của Chủ tịch nước, Phó Chủ tịch nước Cộng hòa xã hội chủ nghĩa Việt Nam, đồng thời từng là trụ sở của Văn phòng Chủ tịch nước. Tòa nhà nằm trong khuôn viên của khu Phủ chủ tịch, gần lăng Chủ tịch Hồ Chí Minh và quảng trường Ba Đình, Hà Nội.
Hiện nay đây là nơi diễn ra lễ đón các nguyên thủ quốc gia hoặc người đứng đầu chính phủ đến thăm chính thức Việt Nam.","Nguồn: OpenStreetMap, Wikipedia · Ảnh: Jorge Láscar, Public domain, Wikimedia Commons",way/37629570,vi:Phủ Chủ tịch
Thành phố Hà Nội,"Đền Quán Thánh · 194 Phố Quán Thánh, Ngũ Xá, Ba Đình, Hà Nội",Chùa / đền / nhà thờ,Dễ,9,21.0430301,105.836588,https://thumb.wikimedia.org/wikipedia/commons/thumb/4/48/%C4%90%E1%BB%81n_Qu%C3%A1n_Th%C3%A1nh.JPG/960px-%C4%90%E1%BB%81n_Qu%C3%A1n_Th%C3%A1nh.JPG?utm_source=commons.wikimedia.org&utm_campaign=imageinfo&utm_content=thumbnail,"Đền Quán Thánh, tên chữ là Trấn Vũ Quán, có từ đời Lý Thái Tổ (1010 - 1028), thờ Huyền Thiên Trấn Vũ, là một trong bốn vị thần được lập đền thờ để trấn giữ bốn cửa ngõ thành Thăng Long khi xưa (Thăng Long tứ trấn). Nơi đây cũng từng là một trong bốn Đạo quán lớn của Đạo giáo ở Thăng Long.
Đền Quán Thánh nằm bên cạnh Hồ Tây, cùng với chùa Kim Liên và chùa Trấn Quốc tạo nên sự hài hòa trong kiến trúc cảnh quan và trong văn hóa tín ngưỡng đối với cả khu vực phía Tây Bắc của Hà Nội.","Nguồn: OpenStreetMap, Wikipedia · Ảnh: Nguyễn Thanh Quang, CC BY-SA 3.0, Wikimedia Commons",way/207178320,vi:Đền Quán Thánh
Thành phố Hà Nội,"Chùa Một Cột · Phố Ông Ích Khiêm, Xuân Biểu, Ba Đình, Hà Nội",Chùa / đền / nhà thờ,Dễ,9,21.0358556,105.8336144,https://thumb.wikimedia.org/wikipedia/commons/thumb/5/5c/Hanoi%2C_Vietnam_%2812041825854%29.jpg/960px-Hanoi%2C_Vietnam_%2812041825854%29.jpg?utm_source=commons.wikimedia.org&utm_campaign=imageinfo&utm_content=thumbnail,"Chùa Một Cột có tên ban đầu là Liên Hoa Đài (蓮花臺) tức là Đài Hoa Sen với lối kiến trúc độc đáo: một điện thờ đặt trên một cột trụ duy nhất. Liên Hoa Đài là công trình nổi tiếng nhất nằm trong quần thể kiến trúc Chùa Diên Hựu (延祐寺), có nghĩa là ngôi chùa ""Phúc lành dài lâu"". Công trình Chùa Diên Hựu nguyên bản được xây vào thời vua Lý Thái Tông mùa đông năm 1049 và hoàn thiện vào năm 1105 thời vua Lý Nhân Tông nay đã không còn.","Nguồn: OpenStreetMap, Wikipedia · Ảnh: Clay Gilliland, CC BY-SA 2.0, Wikimedia Commons",way/697326496,vi:Chùa Một Cột
Thành phố Hà Nội,"Nhà thờ Cửa Bắc · Phố Nguyễn Biểu, Ngũ Xá, Ba Đình, Hà Nội",Chùa / đền / nhà thờ,Dễ,9,21.0414535,105.8405062,https://thumb.wikimedia.org/wikipedia/commons/thumb/7/7a/4G4A7753_HDR.jpg/960px-4G4A7753_HDR.jpg?utm_source=commons.wikimedia.org&utm_campaign=imageinfo&utm_content=thumbnail,"Nhà thờ Cửa Bắc (Nhà thờ Nữ Vương Các Thánh Tử Đạo) là một nhà thờ Công giáo ở Hà Nội, công trình kiến trúc này có nhiều nét độc đáo, tạo thêm điểm chấm phá trong không gian đô thị Hà Nội. 
Nằm ở số 56 phố Phan Đình Phùng, phường Ba Đình, thành phố Hà Nội, vì nhà thờ được xây dựng ở Cửa Bắc thành Thăng Long nên được gọi tên là Cửa Bắc. Được khởi công xây dựng vào năm 1925 bởi cha xứ người Pháp tên là Antoine Depaulis (tên Việt gọi là Cố Hương) theo bản vẽ của kiến trúc sư người Pháp Ernest Hébrard với mặt bằng kiến trúc nhà thờ kiểu Roman đồng thời kết hợp phong cách Á - Âu về tổng thể tạo nên đặc trưng của phong cách kiến trúc Đông Dương nổi tiếng.","Nguồn: OpenStreetMap, Wikipedia · Ảnh: Khoitran1957, CC BY-SA 4.0, Wikimedia Commons",way/698018249,vi:Nhà thờ Cửa Bắc
Thành phố Hà Nội,"Cầu Thê Húc · Khu phố cổ, Hoàn Kiếm, Hà Nội",Điểm tham quan,Dễ,8,21.0307694,105.8527822,https://thumb.wikimedia.org/wikipedia/commons/thumb/5/52/C%E1%BA%A7u_th%C3%AA_h%C3%BAc_H%C3%A0_n%E1%BB%99i_vietnam_-_panoramio.jpg/960px-C%E1%BA%A7u_th%C3%AA_h%C3%BAc_H%C3%A0_n%E1%BB%99i_vietnam_-_panoramio.jpg?utm_source=commons.wikimedia.org&utm_campaign=imageinfo&utm_content=thumbnail,"Cầu Thê Húc là cây cầu ở hồ Hoàn Kiếm, Hà Nội, thủ đô của Việt Nam.
Nối từ Hồ Hoàn Kiếm ra hòn đảo nhỏ nơi có đền Ngọc Sơn, cây cầu này màu đỏ son, làm bằng gỗ, có nhiều trụ liên tiếp. Cầu được Thần Siêu Nguyễn Văn Siêu xây dựng vào năm 1865.","Nguồn: OpenStreetMap, Wikipedia · Ảnh: trungydang, CC BY 3.0, Wikimedia Commons",way/9566542,vi:Cầu Thê Húc
Thành phố Hà Nội,"Bắc Bộ Phủ · 12 Phố Ngô Quyền, Khu phố cổ, Hoàn Kiếm, Hà Nội",Điểm tham quan,Dễ,8,21.0266205,105.8552836,https://thumb.wikimedia.org/wikipedia/commons/thumb/1/17/B%E1%BA%AFc_B%E1%BB%99_ph%E1%BB%A7_-_2022-09-02_01.jpg/960px-B%E1%BA%AFc_B%E1%BB%99_ph%E1%BB%A7_-_2022-09-02_01.jpg?utm_source=commons.wikimedia.org&utm_campaign=imageinfo&utm_content=thumbnail,"Trụ sở làm việc Cơ quan Chủ tịch nước (tên gọi trước đây là Bắc Bộ phủ hay Nhà khách Chính phủ) là ngôi nhà 5 tầng ở số 2 phố Lê Thạch, phường Hoàn Kiếm, thành phố Hà Nội, hiện là nơi làm việc chính thức của Chủ tịch nước, Phó Chủ tịch nước, Văn phòng Chủ tịch nước và Hội đồng Quốc phòng và An ninh. Đây từng là nơi đặt trụ sở chính quyền Bắc kỳ, và là một di tích lịch sử của Việt Nam.","Nguồn: OpenStreetMap, Wikipedia · Ảnh: The Hanoian, CC BY-SA 4.0, Wikimedia Commons",way/704153616,vi:Nhà khách Chính phủ
Thành phố Hà Nội,"Viện Bảo tàng Lịch sử Việt Nam · 1 Phố Tràng Tiền, Hoàn Kiếm, Hà Nội",Bảo tàng,Dễ,8,21.0242432,105.8597158,https://thumb.wikimedia.org/wikipedia/commons/thumb/6/6a/Vietnam_National_Museum_of_History%2C_Hanoi%2C_Vietnam.jpg/960px-Vietnam_National_Museum_of_History%2C_Hanoi%2C_Vietnam.jpg?utm_source=commons.wikimedia.org&utm_campaign=imageinfo&utm_content=thumbnail,"Bảo tàng Lịch sử Việt Nam, cùng với Bảo tàng Cách mạng Việt Nam là hai bảo tàng đã được sáp nhập thành Bảo tàng Lịch sử quốc gia, tọa lạc ở thành phố Hà Nội. Bảo tàng Lịch sử Việt Nam (cũ) là nơi lưu giữ những hiện vật, phản ánh các nền văn hóa, lịch sử dựng nước và giữ nước của người Việt Nam từ thuở ban đầu khai sáng đến ngày ra đời nước Việt Nam Dân chủ Cộng hòa. Viện bảo tàng có phong cách kiến trúc Đông Dương, nằm ở số 1 phố Tràng Tiền, Hoàn Kiếm, Hà Nội.","Giờ mở cửa: T2 nghỉ; T3-CN 08:00-12:00,13:30-17:00 · Nguồn: OpenStreetMap, Wikipedia · Ảnh: Alistair Morrenger, Public domain, Wikimedia Commons",way/37933256,vi:Bảo tàng Lịch sử Việt Nam
Thành phố Hà Nội,"Viện Bảo tàng Cách mạng Việt Nam · 216 Đường Trần Quang Khải, Hoàn Kiếm, Hà Nội",Bảo tàng,Dễ,8,21.0253311,105.8586174,https://thumb.wikimedia.org/wikipedia/commons/thumb/9/92/Vietnam_Museum_of_Revolution.JPG/960px-Vietnam_Museum_of_Revolution.JPG?utm_source=commons.wikimedia.org&utm_campaign=imageinfo&utm_content=thumbnail,"Viện Bảo tàng Cách mạng Việt Nam là nơi tái hiện lịch sử đấu tranh hàng trăm năm qua của nhân dân Việt Nam chống Pháp, chống Nhật, chống Mỹ, chống phong kiến, giành lại nền độc lập tự do cho Việt Nam. Bảo tàng tọa lạc tại số 25 phố Tông Đản, phường Tràng Tiền, quận Hoàn Kiếm, thành phố Hà Nội.
Sau năm 2011, Bảo tàng Cách mạng Việt Nam được hợp nhất với Bảo tàng Lịch sử Việt Nam thành Bảo tàng Lịch sử Quốc gia.","Có thu phí tham quan · Nguồn: OpenStreetMap, Wikipedia · Ảnh: Rungbachduong, Public domain, Wikimedia Commons",way/37933258,vi:Bảo tàng Cách mạng Việt Nam
Thành phố Hà Nội,"Bảo tàng Hà Nội · Đường Phạm Hùng, Kẻ Mẩy (Mễ Trì), Từ Liêm, Hà Nội",Bảo tàng,Dễ,8,21.010013,105.786309,https://thumb.wikimedia.org/wikipedia/commons/thumb/2/22/Hanoi_Museum.jpg/960px-Hanoi_Museum.jpg?utm_source=commons.wikimedia.org&utm_campaign=imageinfo&utm_content=thumbnail,"Bảo tàng Hà Nội, trước đây nằm ở số 5B phố Hàm Long, quận Hoàn Kiếm, Hà Nội, là nơi trưng bày giới thiệu về thủ đô Hà Nội từ khi dựng nước đến nay.
Được thành lập từ năm 1982, nên số lượng hiện vật của bảo tàng lên tới hàng chục ngàn, trong đó riêng kho cổ vật quý hiếm đã chiếm tới hơn 7 ngàn. Bộ sưu tập của bảo tàng bao gồm đồ đá, đồ đồng, gốm sứ các thời nhà Lý, Trần, Lê, Nguyễn, gốm sứ của Trung Quốc, Nhật Bản.","Giờ mở cửa: T3-CN 08:00-11:30,13:30-17:00 · Điện thoại: +84 978 509 935 · Website: https://baotanghanoi.com.vn/ · Nguồn: OpenStreetMap, Wikipedia · Ảnh: Grenouille vert, CC BY-SA 3.0, Wikimedia Commons",way/208255133,vi:Bảo tàng Hà Nội
Thành phố Hà Nội,"Bảo tàng Dân tộc học Việt Nam · Đường Nguyễn Khánh Toàn, An Phú, Nghĩa Đô, Hà Nội",Bảo tàng,Dễ,8,21.0403941,105.7988369,https://thumb.wikimedia.org/wikipedia/commons/thumb/f/f3/Dan_toc_hoc_1.jpg/960px-Dan_toc_hoc_1.jpg?utm_source=commons.wikimedia.org&utm_campaign=imageinfo&utm_content=thumbnail,"Bảo tàng Dân tộc học Việt Nam (tiếng Anh: Vietnam Museum of Ethnology) là tổ chức sự nghiệp trực thuộc Viện Hàn lâm Khoa học xã hội Việt Nam, có chức năng nghiên cứu khoa học, sưu tầm, kiểm kê, bảo quản, phục chế hiện vật và tư liệu về các dân tộc; tổ chức trưng bày, trình diễn và những hình thức hoạt động khác nhằm giới thiệu, phổ biến và giáo dục về các giá trị lịch sử, văn hoá của các dân tộc trong và ngoài nước; cung cấp tư liệu nghiên cứu về các dân tộc cho các ngành; đào tạo cán bộ nghiên cứu, nghiệp vụ, quản lý về nhân học bảo tàng. Bảo tàng tọa lạc tại đường Nguyễn Văn Huyên, phường Nghĩa Đô, thành phố Hà Nội, cạnh đường Nguyễn Khánh Toàn và đối diện công viên Nghĩa Đô.","Giờ mở cửa: T3-CN 08:30-17:30 · Giá vé: 40000 VND · Điện thoại: +842437562193 · Website: https://www.vme.org.vn/ · Nguồn: OpenStreetMap, Wikipedia · Ảnh: vi:Rungbachduong, CC BY-SA 3.0, Wikimedia Commons",way/339936730,vi:Bảo tàng Dân tộc học Việt Nam
Thành phố Hà Nội,"Bảo tàng Lịch sử Quân sự Việt Nam · Km 6+500 Đại lộ Thăng Long, Tây Mỗ, Hà Nội",Bảo tàng,Dễ,8,21.0115766,105.754666,https://thumb.wikimedia.org/wikipedia/commons/thumb/6/65/B%E1%BA%A3o_t%C3%A0ng_L%E1%BB%8Bch_s%E1%BB%AD_Qu%C3%A2n_s%E1%BB%B1_Vi%E1%BB%87t_Nam%2C_12-01-2025.jpg/960px-B%E1%BA%A3o_t%C3%A0ng_L%E1%BB%8Bch_s%E1%BB%AD_Qu%C3%A2n_s%E1%BB%B1_Vi%E1%BB%87t_Nam%2C_12-01-2025.jpg?utm_source=commons.wikimedia.org&utm_campaign=imageinfo&utm_content=thumbnail,"Bảo tàng Lịch sử Quân sự Việt Nam là một trong các bảo tàng quốc gia và đứng đầu trong hệ thống Bảo tàng Quân đội, hiện đang lưu giữ, trưng bày hơn 15 vạn tài liệu, hiện vật, trong đó có nhiều sưu tập độc đáo và 4 Bảo vật Quốc gia, gồm máy bay MiG-21 số hiệu 4324, máy bay MiG-21 số hiệu 5121, Bản đồ Quyết tâm chiến dịch Hồ Chí Minh và xe tăng T-54B số hiệu 843.","Giờ mở cửa: T3-T5,T7-CN,ngày lễ 08:00-11:30,13:00-16:30 · Website: https://btlsqsvn.mod.gov.vn/ · Nguồn: OpenStreetMap, Wikipedia · Ảnh: The Hanoian, CC BY-SA 4.0, Wikimedia Commons",way/1148571536,vi:Bảo tàng Lịch sử Quân sự Việt Nam
Thành phố Hà Nội,"Bảo tàng Mỹ thuật Việt Nam · 66 Phố Nguyễn Thái Học, Yên Thế, Văn Miếu - Quốc Tử Giám, Hà Nội",Bảo tàng,Dễ,8,21.0306532,105.8370317,https://thumb.wikimedia.org/wikipedia/commons/thumb/1/1f/Vietnam_National_Museum_of_Fine_Arts%2C_Hanoi%2C_Vietnam_-_20131030-03.JPG/960px-Vietnam_National_Museum_of_Fine_Arts%2C_Hanoi%2C_Vietnam_-_20131030-03.JPG?utm_source=commons.wikimedia.org&utm_campaign=imageinfo&utm_content=thumbnail,"Bảo tàng Mỹ thuật Việt Nam là một trong những bảo tàng có vị trí quan trọng nhất trong việc lưu giữ kho tàng di sản văn hóa nghệ thuật của cộng đồng các dân tộc Việt Nam. Bảo tàng tọa lạc tại số 66 đường Nguyễn Thái Học, phường Ba Đình, thành phố Hà Nội, nằm đối diện phía sau Văn Miếu – Quốc Tử Giám.","Giờ mở cửa: hằng ngày 08:30-17:00 · Giá vé: 40000 VND · Điện thoại: +84 24 3823 3084;+84 32 666 5664 · Website: http://vnfam.vn/ · Nguồn: OpenStreetMap, Wikipedia · Ảnh: Smuconlaw ., CC BY-SA 3.0, Wikimedia Commons",relation/21425134,vi:Bảo tàng Mỹ thuật Việt Nam
Thành phố Hà Nội,Vườn quốc gia Ba Vì · Hà Nội,Vườn quốc gia,Trung Bình,8,21.0183779,105.4079905,https://thumb.wikimedia.org/wikipedia/commons/thumb/4/46/Ba_V%C3%AC_National_Park%2C_foggy_road.jpg/960px-Ba_V%C3%AC_National_Park%2C_foggy_road.jpg?utm_source=commons.wikimedia.org&utm_campaign=imageinfo&utm_content=thumbnail,"Vườn quốc gia Ba Vì là một vườn quốc gia ở Việt Nam, được thành lập năm 1991 theo quyết định số 17-CT ngày 16 tháng 1 năm 1991 của Chủ tịch Hội đồng Bộ trưởng Việt Nam.","Website: https://vuonquocgiabavi.com.vn/ · Nguồn: OpenStreetMap, Wikipedia · Ảnh: [Tycho] talk , http://shansov.net, CC BY-SA 3.0, Wikimedia Commons",relation/17148894,vi:Vườn quốc gia Ba Vì
Thành phố Hà Nội,"Tháp Rùa · Phố Lê Thái Tổ, Khu phố cổ, Hoàn Kiếm, Hà Nội",Di tích lịch sử,Dễ,8,21.027873,105.8522929,https://thumb.wikimedia.org/wikipedia/commons/thumb/e/e0/Turtle_Tower_c2006.jpg/960px-Turtle_Tower_c2006.jpg?utm_source=commons.wikimedia.org&utm_campaign=imageinfo&utm_content=thumbnail,"Tháp Rùa là một ngọn tháp nhỏ nằm trên gò đảo giữa Hồ Hoàn Kiếm, lui về phía Nam hồ, Hà Nội, Việt Nam. Công trình kiến trúc này tuy nhỏ bé nhưng ẩn trong đó là những ý nghĩa lịch sử, dấu tích trường tồn với thời gian mà không một địa danh nào có thể thay thế được.","Nguồn: OpenStreetMap, Wikipedia · Ảnh: ""Lilli Ann"", Public domain, Wikimedia Commons",way/178995269,vi:Tháp Rùa
Thành phố Hà Nội,"Ô Quan Chưởng · Khu phố cổ, Hoàn Kiếm, Hà Nội",Di tích lịch sử,Dễ,8,21.0373308,105.8521976,https://thumb.wikimedia.org/wikipedia/commons/thumb/4/44/Hanoi%2C_Vietnam_%2812036443176%29.jpg/960px-Hanoi%2C_Vietnam_%2812036443176%29.jpg?utm_source=commons.wikimedia.org&utm_campaign=imageinfo&utm_content=thumbnail,"Ô Quan Chưởng (hay còn gọi là ô Đông Hà, ô Thanh Hà, ô Cửa Đông, tên chữ là Đông Hà môn (東河門, tức cửa phường Đông Hà) là một cửa ô của Hà Nội xưa, nằm ở phía Đông của toà thành đất bao quanh Kinh thành Thăng Long, được xây dựng vào năm Cảnh Hưng thứ 10 (1749), đến năm Gia Long thứ ba (1817) được xây dựng lại và giữ nguyên kiểu cách đến ngày nay. Đây là một trong 21 cửa ô còn sót lại của thành Thăng Long cũ.
Ngày nay, ô Quan Chưởng nằm trên phố Ô Quan Chưởng, đầu phố Hàng Chiếu, gần dưới chân cầu Chương Dương.","Nguồn: OpenStreetMap, Wikipedia · Ảnh: Clay Gilliland, CC BY-SA 2.0, Wikimedia Commons",way/700627452,vi:Ô Quan Chưởng
Thành phố Hà Nội,Thành cổ Sơn Tây · Hà Nội,Di tích lịch sử,Dễ,8,21.1391333,105.5044922,https://upload.wikimedia.org/wikipedia/commons/1/17/Son-Tay-palace.jpg?utm_source=commons.wikimedia.org&utm_campaign=imageinfo&utm_content=thumbnail_unscaled,"Thành cổ Sơn Tây được xây dựng vào năm Minh Mạng thứ 3 (1822) tại tỉnh cũ Sơn Tây (nay là phường Sơn Tây, Hà Nội), là tòa thành cổ được xây bằng đá ong của Việt Nam có tổng diện tích 16 ha với các kiến trúc độc đáo như: tường thành bằng đá ong, 4 cổng thành xây bằng gạch cổ. Đây là một trong số ít tòa thành dưới thời Minh Mạng còn lại đến ngày nay, thành được xây dựng kiên cố để bảo vệ vùng đất phía tây bắc Thăng Long.
Thành cổ Sơn Tây đã được Bộ Văn hóa - Thông tin nước Cộng hòa Xã hội chủ nghĩa Việt Nam công nhận là di tích lịch sử kiến trúc quốc gia năm 1994.","Nguồn: OpenStreetMap, Wikipedia · Ảnh: Brighter, Public domain, Wikimedia Commons",way/921987266,vi:Thành cổ Sơn Tây
Thành phố Hà Nội,"Nhà thờ Lớn · 40 Nhà Chung, Khu phố cổ, Hoàn Kiếm, Hà Nội",Chùa / đền / nhà thờ,Dễ,8,21.0286594,105.8488512,https://thumb.wikimedia.org/wikipedia/commons/thumb/0/0e/St._Joseph%27s_Cathedral_-_50129345872.jpg/960px-St._Joseph%27s_Cathedral_-_50129345872.jpg?utm_source=commons.wikimedia.org&utm_campaign=imageinfo&utm_content=thumbnail,"Nhà thờ Lớn Hà Nội (tên chính thức: Nhà thờ chính tòa Thánh Giuse, cũng gọi là Nhà thờ chính tòa Hà Nội) là nhà thờ chính tòa của Tổng giáo phận Hà Nội, nơi có ngai tòa của Tổng giám mục. Đây là một nhà thờ cổ kính tại thành phố này, thường xuyên diễn ra các sinh hoạt tín ngưỡng của các giáo dân Công giáo thuộc giáo xứ chính tòa cũng như của toàn tổng giáo phận. Linh mục chính xứ hiện nay là linh mục Giuse Tạ Minh Quý.","Nguồn: OpenStreetMap, Wikipedia · Ảnh: John Ragai, CC BY 2.0, Wikimedia Commons",way/28912942,vi:Nhà thờ Lớn Hà Nội
Thành phố Hà Nội,"Chùa Trấn Quốc · Đường Thanh Niên, Yên Phụ, Tây Hồ, Hà Nội",Chùa / đền / nhà thờ,Dễ,8,21.0478999,105.8367599,https://thumb.wikimedia.org/wikipedia/commons/thumb/e/e5/Ch%C3%B9a_Tr%E1%BA%A5n_Qu%E1%BB%91c%2C_H%C3%A0_N%E1%BB%99i.jpg/960px-Ch%C3%B9a_Tr%E1%BA%A5n_Qu%E1%BB%91c%2C_H%C3%A0_N%E1%BB%99i.jpg?utm_source=commons.wikimedia.org&utm_campaign=imageinfo&utm_content=thumbnail,"Chùa Trấn Quốc nằm trên một hòn đảo phía Đông Hồ Tây. Chùa có lịch sử gần 1500 năm và được coi là lâu đời nhất ở Thăng Long - Hà Nội. Dưới thời nhà Lý và nhà Trần, chùa Trấn Quốc là trung tâm Phật giáo của kinh thành Thăng Long.","Miễn phí tham quan · Nguồn: OpenStreetMap, Wikipedia · Ảnh: Thang Nguyen, CC BY-SA 2.0, Wikimedia Commons",way/220302249,vi:Chùa Trấn Quốc
Thành phố Hà Nội,"Đền Kim Liên · Ngõ 138 Phố Kim Hoa, Kim Liên, Văn Miếu - Quốc Tử Giám, Hà Nội",Chùa / đền / nhà thờ,Dễ,8,21.0106784,105.8381736,https://thumb.wikimedia.org/wikipedia/commons/thumb/4/40/Kim_Lien_shrine.jpg/960px-Kim_Lien_shrine.jpg?utm_source=commons.wikimedia.org&utm_campaign=imageinfo&utm_content=thumbnail,"Đền – đình Kim Liên (tên chữ là Kim Liên từ), còn được gọi là đền Cao Sơn, là trấn phía nam trong tứ trấn của kinh thành Thăng Long xưa, gồm bốn ngôi đền: Đền Quán Thánh (trấn giữ phía bắc kinh thành); Đền Bạch Mã (trấn giữ phía đông kinh thành); Đền Voi Phục (trấn giữ phía tây kinh thành); Đền Kim Liên (trấn giữ phía nam kinh thành). So với ba ngôi đền kia thì đền Kim Liên được xây dựng muộn hơn (khoảng thế kỷ 16 - 17).","Nguồn: OpenStreetMap, Wikipedia · Ảnh: Binh Giang, Public domain, Wikimedia Commons",way/947089943,vi:Đền Kim Liên
Thành phố Hà Nội,"Đền Voi Phục · 362 Phố Kim Mã, Thủ Lệ, Giảng Võ, Hà Nội",Chùa / đền / nhà thờ,Dễ,8,21.0300784,105.8050665,https://thumb.wikimedia.org/wikipedia/commons/thumb/f/f2/C%E1%BB%95ng_ch%C3%ADnh_%C4%91%E1%BB%81n_Voi_Ph%E1%BB%A5c%2C_H%C3%A0_N%E1%BB%99i_004.JPG/960px-C%E1%BB%95ng_ch%C3%ADnh_%C4%91%E1%BB%81n_Voi_Ph%E1%BB%A5c%2C_H%C3%A0_N%E1%BB%99i_004.JPG?utm_source=commons.wikimedia.org&utm_campaign=imageinfo&utm_content=thumbnail,"Đền Voi Phục (Tên chữ: ""Tây trấn từ"") là một ngôi đền trong Thăng Long tứ trấn của thành Thăng Long xưa, gồm bốn ngôi thờ bảo lan. Đền tọa lạc tại số 362 phố Kim Mã, phường Giảng Võ, Thành phố Hà Nội, cạnh công viên Thủ Lệ, gần trường Đội Lê Duẩn và đối diện Trường Đại học Giao thông Vận tải.","Giờ mở cửa: hằng ngày 08:00-20:00 · Nguồn: OpenStreetMap, Wikipedia · Ảnh: Phan Minh Tuấn, CC BY-SA 4.0, Wikimedia Commons",way/1481550721,vi:Đền Voi Phục
Thành phố Hà Nội,"Hoàng thành Thăng Long · Đường Nguyễn Tri Phương, Yên Thành, Ba Đình, Hà Nội",Công viên,Dễ,8,21.0362895,105.8404418,https://thumb.wikimedia.org/wikipedia/commons/thumb/7/70/Main_Gate_-_Citadel_of_Hanoi.jpg/960px-Main_Gate_-_Citadel_of_Hanoi.jpg?utm_source=commons.wikimedia.org&utm_campaign=imageinfo&utm_content=thumbnail,"Hoàng thành Thăng Long (chữ Hán: 昇龍皇城; Hán-Việt: Thăng Long Hoàng thành) là quần thể di tích gắn với lịch sử kinh thành Thăng Long - Đông Kinh và tỉnh thành Hà Nội bắt đầu từ thời kì tiền Thăng Long (An Nam đô hộ phủ thế kỷ VII) qua thời Đinh - Tiền Lê, phát triển mạnh dưới thời Lý, Trần, Lê và thành Hà Nội dưới triều Nguyễn. Đây là công trình kiến trúc các triều vua xây dựng trong nhiều giai đoạn lịch sử và trở thành một trong những di tích quan trọng bậc nhất trong hệ thống các di tích Việt Nam. Hầu hết các kiến trúc tồn tại đến ngày hôm nay được xây dựng sau khi Gia Long phá dỡ và xây dựng lại vào năm 1802, cũng như bị quân Pháp phá đi để xây dựng doanh trại.","Giờ mở cửa: T3-CN 08:00-17:00 · Nguồn: OpenStreetMap, Wikipedia · Ảnh: Grenouille vert, CC BY-SA 3.0, Wikimedia Commons",relation/21425205,vi:Hoàng thành Thăng Long
Thành phố Hà Nội,"Hồ Trúc Bạch · Ba Đình, Hà Nội",Hồ,Dễ,8,21.0463309,105.8392209,https://thumb.wikimedia.org/wikipedia/commons/thumb/6/6e/Hanoi_skyline_%2822813421939%29.jpg/960px-Hanoi_skyline_%2822813421939%29.jpg?utm_source=commons.wikimedia.org&utm_campaign=imageinfo&utm_content=thumbnail,"Hồ Trúc Bạch là một hồ thuộc phường Ba Đình, thành phố Hà Nội, Việt Nam, nguyên là một phần hồ Tây.","Nguồn: OpenStreetMap, Wikipedia · Ảnh: cloud.shepherd, CC BY 2.0, Wikimedia Commons",relation/9735266,vi:Hồ Trúc Bạch
Thành phố Hà Nội,"Hồ Hữu Tiệp · 63 Ngõ 55 Hoàng Hoa Thám, Ngọc Hà, Hà Nội",Hồ,Dễ,8,21.0377816,105.8268484,https://thumb.wikimedia.org/wikipedia/commons/thumb/7/73/Ng%E1%BB%8Dc_H%C3%A0%2C_Ba_%C4%90%C3%ACnh%2C_H%C3%A0_N%E1%BB%99i%2C_Vietnam_-_panoramio_%281%29.jpg/960px-Ng%E1%BB%8Dc_H%C3%A0%2C_Ba_%C4%90%C3%ACnh%2C_H%C3%A0_N%E1%BB%99i%2C_Vietnam_-_panoramio_%281%29.jpg?utm_source=commons.wikimedia.org&utm_campaign=imageinfo&utm_content=thumbnail,"Hồ Hữu Tiệp nằm ở phường Ngọc Hà, thành phố Hà Nội là di tích của một khúc sông cũ. Khúc sông đó vào năm 1994 đã bị lấp, chỉ còn lại một phần và sau này phần đó trở thành hồ Hữu Tiệp ngày nay.
Hiện nay hồ này là một nơi phục vụ nhu cầu sinh hoạt của người dân như: tập thể dục, đi bộ, dạo, nghỉ chân, tham quan hồ.","Nguồn: OpenStreetMap, Wikipedia · Ảnh: redsea99, CC BY 3.0, Wikimedia Commons",relation/17908111,vi:Hồ Hữu Tiệp
Thành phố Hà Nội,"Phố Đường Tàu · Phố Trần Phú, Khu phố cổ, Hoàn Kiếm, Hà Nội",Điểm tham quan,Dễ,7,21.0301529,105.8440687,https://thumb.wikimedia.org/wikipedia/commons/thumb/e/e8/Hanoi_Train_Street_%2820231225b%29_%2853489076293%29.jpg/960px-Hanoi_Train_Street_%2820231225b%29_%2853489076293%29.jpg?utm_source=commons.wikimedia.org&utm_campaign=imageinfo&utm_content=thumbnail,"Phố Đường Tàu là đoạn đường ray hẹp ở Hà Nội, nơi mỗi ngày có vài chuyến tàu hỏa chạy sát nhà dân hai bên, thân tàu chiếm gần hết bề ngang con phố. Đoạn đường ray nằm dọc các phố Điện Biên Phủ và Phùng Hưng, gần ga Hà Nội, được người Pháp xây dựng từ năm 1902.","Nguồn: OpenStreetMap, Wikipedia · Ảnh: Takeshi Aida from Hong Kong, Hong Kong, CC BY-SA 2.0, Wikimedia Commons",node/14096883184,en:Hanoi Train Street
Thành phố Hà Nội,"Công viên Thủ Lệ · Ngách 27 Ngõ 9 Phố Đào Tấn, Thủ Lệ, Giảng Võ, Hà Nội",Điểm tham quan,Dễ,7,21.0307413,105.80664,https://thumb.wikimedia.org/wikipedia/commons/thumb/5/53/C%C3%B4ng_vi%C3%AAn_Th%E1%BB%A7_L%E1%BB%87.JPG/960px-C%C3%B4ng_vi%C3%AAn_Th%E1%BB%A7_L%E1%BB%87.JPG?utm_source=commons.wikimedia.org&utm_campaign=imageinfo&utm_content=thumbnail,"Công viên Thủ Lệ tên chính thức là Vườn thú Hà Nội là một công viên và vườn bách thú có diện tích 29ha ở Hà Nội. Công viên Thủ Lệ nằm bên trong khuôn viên có một mặt hồ lớn, với một dải đất hình oval giống như giọt nước mắt và đó cũng là nguồn gốc của cái tên Thủ Lệ, mang ý nghĩa là giữ lấy giọt lệ ở bên trong. Nằm trên địa phận làng Thủ Lệ, một làng cổ có từ thời nhà Lý với sự tích thần Linh Lan và đền Voi Phục, đây không chỉ là một địa điểm vui chơi giải trí của người dân mà là một di tích lịch sử của mảnh đất kinh kì ngàn năm văn hiến.","Giờ mở cửa: hằng ngày 06:00-18:00 · Giá vé: 50000 VND · Website: https://hanoizoo.com/ · Nguồn: OpenStreetMap, Wikipedia · Ảnh: Nguyễn Thanh Quang, CC BY-SA 3.0, Wikimedia Commons",way/28945667,vi:Công viên Thủ Lệ
Thành phố Hà Nội,"Cung Văn hóa Lao động Hữu nghị Việt Xô · 91 Phố Trần Hưng Đạo, Cửa Nam, Hà Nội",Điểm tham quan,Dễ,7,21.0222159,105.8442347,https://thumb.wikimedia.org/wikipedia/commons/thumb/e/e7/Cung_V%C4%83n_h%C3%B3a_H%E1%BB%AFu_ngh%E1%BB%8B_Vi%E1%BB%87t_-_X%C3%B4_12-Jun-22_12.jpg/960px-Cung_V%C4%83n_h%C3%B3a_H%E1%BB%AFu_ngh%E1%BB%8B_Vi%E1%BB%87t_-_X%C3%B4_12-Jun-22_12.jpg?utm_source=commons.wikimedia.org&utm_campaign=imageinfo&utm_content=thumbnail,"Cung Văn hoá Lao động Hữu nghị Việt Xô là một cung văn hoá nằm tại 91 phố Trần Hưng Đạo, phường Cửa Nam, Hà Nội, Việt Nam là một công trình kiến trúc, văn hóa dành cho các buổi biểu diễn nghệ thuật, các hội nghị khoa học, triển lãm. Công trình được khởi công vào ngày 1 tháng 1 năm 1978 trên nền cũ của nhà Đấu Xảo Hà Nội vốn bị bom phá hủy trong Thế chiến lần thứ 2. Ngày 1 tháng 9 năm 1985, cung văn hoá này được hoàn thành.","Website: https://cungvanhoalaodonghuunghivietxo.vn/ · Nguồn: OpenStreetMap, Wikipedia · Ảnh: Ltn12345, CC BY-SA 4.0, Wikimedia Commons",way/228075195,vi:Cung Văn hóa Lao động Hữu nghị Việt Xô
Thành phố Hà Nội,"Tòa nhà trung tâm Bưu điện Hà Nội · 75 Phố Đinh Tiên Hoàng, Khu phố cổ, Hoàn Kiếm, Hà Nội",Điểm tham quan,Dễ,7,21.0265056,105.8537259,https://thumb.wikimedia.org/wikipedia/commons/thumb/3/32/04482-Hanoi_%2832954147035%29.jpg/960px-04482-Hanoi_%2832954147035%29.jpg?utm_source=commons.wikimedia.org&utm_campaign=imageinfo&utm_content=thumbnail,"Bưu điện Hà Nội (hay còn gọi là Bưu điện Bờ Hồ; tiếng Pháp: Postes et Télégraphes à Hanoi) là một công trình nằm đối diện với hồ Hoàn Kiếm, Hà Nội, gồm ba tòa nhà bưu điện tọa lạc tại các phố Đinh Tiên Hoàng, Lê Thạch và Đinh Lễ, được xây dựng theo phong cách kiến trúc tân cổ điển và Art Deco.
Tòa nhà đầu tiên nằm trong bốn vị trí ở bốn cạnh của Vườn hoa Chí Linh và giáp với phố Lê Thạch, từng trải qua nhiều đợt cải tạo mở rộng so với thiết kế ban đầu. Tòa nhà thứ hai (tòa bưu điện trung tâm) hoàn thành vào năm 1901 trên nền một phần của chùa Báo Ân đã bị phá và do Henri Vildieu thiết kế.","Nguồn: OpenStreetMap, Wikipedia · Ảnh: xiquinhosilva, CC BY 2.0, Wikimedia Commons",way/704153620,vi:Bưu điện Hà Nội
Thành phố Hà Nội,"Bảo tàng Phụ nữ Việt Nam · 36 Phố Lý Thường Kiệt, Cửa Nam, Hà Nội",Bảo tàng,Dễ,7,21.0234022,105.8516031,https://thumb.wikimedia.org/wikipedia/commons/thumb/3/35/Vietnamese_Women%27s_Museum%2C_Women%27s_Fashion_section.JPG/960px-Vietnamese_Women%27s_Museum%2C_Women%27s_Fashion_section.JPG?utm_source=commons.wikimedia.org&utm_campaign=imageinfo&utm_content=thumbnail,"Bảo tàng Phụ nữ Việt Nam nằm ở số 36 phố Lý Thường Kiệt, phường Hàng Bài, quận Hoàn Kiếm, thành phố Hà Nội, gần trung tâm hồ Hoàn Kiếm và khu phố cổ. Bảo tàng này được dành riêng cho phụ nữ Việt Nam.
Bảo tàng mở cửa phục vụ công chúng từ năm 1995 và chỉnh sửa lại hệ thống trưng bày thường xuyên từ 2006 - 2010 nhằm tôn vinh phụ nữ Việt Nam.","Giờ mở cửa: hằng ngày 08:00-17:00 · Có thu phí tham quan · Website: https://www.baotangphunu.org.vn/ · Nguồn: OpenStreetMap, Wikipedia · Ảnh: Aumusee, CC BY-SA 3.0, Wikimedia Commons",way/704147278,vi:Bảo tàng Phụ nữ Việt Nam
Thành phố Hà Nội,"Bảo tàng Chiến thắng B52 · Ngách 135/31 Phố Đội Cấn, Ngọc Hà, Hà Nội",Bảo tàng,Dễ,7,21.0355531,105.8260825,https://thumb.wikimedia.org/wikipedia/commons/thumb/c/c2/B-52_tail_section_and_museum_building.jpg/960px-B-52_tail_section_and_museum_building.jpg?utm_source=commons.wikimedia.org&utm_campaign=imageinfo&utm_content=thumbnail,"Bảo tàng Chiến thắng B52, Hà Nội hay Bảo Tàng Chiến Thắng B.52 nằm tại số 157 Đội Cấn, quận Ba Đình, Hà Nội. Tên bảo tàng đề cập tới hơn mười chiếc máy bay ném bom Boeing B-52 bị các lực lượng phòng không miền Bắc bắn hạ vào tháng 12 năm 1972. Bảo tàng gồm một tòa nhà chính, trưng bày về lịch sử cách mạng Việt Nam, Chiến tranh Đông Dương lần thứ nhất, Chiến tranh Việt Nam, các chiến dịch Rolling Thunder, Linebacker và Linebacker II và phòng không Hà Nội.","Miễn phí tham quan · Nguồn: OpenStreetMap, Wikipedia (mô tả dịch tự động) · Ảnh: Mztourist, CC BY-SA 4.0, Wikimedia Commons",way/1019050231,"en:B-52 Victory Museum, Hanoi"
Thành phố Hà Nội,"Bảo tàng Phòng không - Không quân · 173 Đường Trường Chinh, Phương Liệt, Hà Nội",Bảo tàng,Dễ,7,20.999274,105.8292331,https://thumb.wikimedia.org/wikipedia/commons/thumb/7/7a/%E7%A9%BA%E5%86%9B%E5%8D%9A%E7%89%A9%E9%A6%86_-_panoramio.jpg/960px-%E7%A9%BA%E5%86%9B%E5%8D%9A%E7%89%A9%E9%A6%86_-_panoramio.jpg?utm_source=commons.wikimedia.org&utm_campaign=imageinfo&utm_content=thumbnail,"Bảo tàng Phòng không – Không quân trực thuộc Cục Chính trị, Quân chủng Phòng không – Không quân, Quân đội nhân dân Việt Nam, tiền thân là Phòng Truyền thống Bộ đội Phòng không thành lập năm 1958. Bảo tàng được xếp hạng Hai trong hệ thống bảo tàng tại Việt Nam. Bảo tàng được xây dựng vào năm 2004, khánh thành ngày 28 tháng 8 năm 2007, là nơi lưu giữ những hình ảnh, tư liệu, hiện vật minh chứng cho quá trình ra đời, xây dựng, chiến đấu, trưởng thành và chiến thắng của bộ đội Phòng không – Không quân Việt Nam.","Giờ mở cửa: hằng ngày 08:00-11:00,13:00-16:00; T6 nghỉ · Có thu phí tham quan · Nguồn: OpenStreetMap, Wikipedia · Ảnh: JtWang, CC BY-SA 3.0, Wikimedia Commons",way/1219524639,vi:Bảo tàng Phòng không - Không quân (Việt Nam)
Thành phố Hà Nội,"Núi Viên Nam · Thịnh Minh, Hà Nội",Núi / đỉnh,Trung Bình,7,20.9564159,105.4442091,https://thumb.wikimedia.org/wikipedia/commons/thumb/6/6d/N%C3%BAi_Vi%C3%AAn_Nam_-_NKS.jpg/960px-N%C3%BAi_Vi%C3%AAn_Nam_-_NKS.jpg?utm_source=commons.wikimedia.org&utm_campaign=imageinfo&utm_content=thumbnail,"Viên Nam là một dãy núi ở ngoại thành Hà Nội. Đây là một trong ba vùng núi chính nằm trong địa phận thành phố Hà Nội, bao gồm vùng núi Sóc ở phía bắc, vùng núi Ba Vì - Viên Nam ở phía tây và vùng núi đá vôi Phổ Đà - Hương Tích ở phía nam.","Nguồn: OpenStreetMap, Wikipedia · Ảnh: NKSTTSSHNVN, CC BY-SA 4.0, Wikimedia Commons",node/1336376418,vi:Núi Viên Nam
Thành phố Hà Nội,Núi Đền · Hà Nội,Núi / đỉnh,Dễ,7,21.2876414,105.8223183,https://thumb.wikimedia.org/wikipedia/commons/thumb/b/b5/N%C3%BAi_S%C3%B3c_m%C3%B9a_v%C3%A0ng_-_NKS.jpg/960px-N%C3%BAi_S%C3%B3c_m%C3%B9a_v%C3%A0ng_-_NKS.jpg?utm_source=commons.wikimedia.org&utm_campaign=imageinfo&utm_content=thumbnail,"Núi Sóc (còn gọi là núi Mã, núi Đền, núi Vệ Linh) là ngọn núi lớn đầu tiên của dãy Tam Đảo về phía đông nam, nằm trên địa phận huyện Sóc Sơn cũ, thành phố Hà Nội, Việt Nam.","Nguồn: OpenStreetMap, Wikipedia · Ảnh: NKSTTSSHNVN, CC BY-SA 4.0, Wikimedia Commons",node/11268257051,vi:Núi Sóc
Thành phố Hà Nội,"Chùa Tây Phương · Ngõ 51 Phú Đa, Hạ Bằng, Hà Nội",Chùa / đền / nhà thờ,Dễ,7,21.0255718,105.5852566,https://thumb.wikimedia.org/wikipedia/commons/thumb/c/cb/Ch%C3%B9a_T%C3%A2y_Ph%C6%B0%C6%A1ng_2.JPG/960px-Ch%C3%B9a_T%C3%A2y_Ph%C6%B0%C6%A1ng_2.JPG?utm_source=commons.wikimedia.org&utm_campaign=imageinfo&utm_content=thumbnail,"Chùa Tây Phương (tên chữ là Sùng Phúc tự 崇福寺) là một ngôi chùa được xây trên đỉnh đồi Câu Lâu thuộc xã Tây Phương, thành phố Hà Nội.","Nguồn: OpenStreetMap, Wikipedia · Ảnh: Original uploader was Liftold at vi.wikipedia, CC BY-SA 3.0, Wikimedia Commons",node/847878471,vi:Chùa Tây Phương
Thành phố Hà Nội,"Chùa Thiên Trù · Đường Hùng Tiến, Hương Sơn, Hà Nội",Chùa / đền / nhà thờ,Dễ,7,20.617877,105.7463786,https://thumb.wikimedia.org/wikipedia/commons/thumb/d/de/Thi%C3%AAn_Tr%C3%B9_Pagoda.jpg/960px-Thi%C3%AAn_Tr%C3%B9_Pagoda.jpg?utm_source=commons.wikimedia.org&utm_campaign=imageinfo&utm_content=thumbnail,"Chùa Hương (cách gọi dân gian) hay Hương Sơn là một quần thể văn hóa - tôn giáo của Việt Nam, gồm hàng chục ngôi chùa thờ Phật, các ngôi đền thờ Thần và các ngôi đình thờ tín ngưỡng nông nghiệp. Trung tâm của cụm đình đền chùa này là chùa Hương (tức chùa Trong) nằm trong động Hương Tích ở hữu ngạn sông Đáy, thuộc xã Hương Sơn, Hà Nội. Quần thể Hương Sơn là một trong 21 Khu du lịch Quốc gia của Việt Nam và là Di tích Quốc gia Đặc biệt theo quyết định 2082/QĐ-TTg năm 2017.","Nguồn: OpenStreetMap, Wikipedia · Ảnh: Jack French from San Francisco, USA, CC BY 2.0, Wikimedia Commons",node/2089305124,vi:Chùa Hương
Thành phố Hà Nội,"Chùa Thầy · Đường Chùa Thầy, Quốc Oai, Hà Nội",Chùa / đền / nhà thờ,Dễ,7,21.0229359,105.6454279,https://thumb.wikimedia.org/wikipedia/commons/thumb/c/cf/Ch%C3%B9a_Th%E1%BA%A7y_%289411972929%29.jpg/960px-Ch%C3%B9a_Th%E1%BA%A7y_%289411972929%29.jpg?utm_source=commons.wikimedia.org&utm_campaign=imageinfo&utm_content=thumbnail,"Chùa Thầy (chữ nôm: 㕑偨) là một nhóm những ngôi chùa ở chân núi Sài Sơn, xã Quốc Oai, thành phố Hà Nội (trước đây là huyện Quốc Oai, tỉnh Hà Tây), cách trung tâm thành phố khoảng 20 km về phía Tây nam, đi theo đường cao tốc Láng - Hòa Lạc. Sài Sơn có tên Nôm là núi Thầy, nên chùa được gọi là chùa Thầy. Chùa được xây dựng từ thời nhà Lý.","Nguồn: OpenStreetMap, Wikipedia · Ảnh: Bem photography:, CC BY 2.0, Wikimedia Commons",way/550537567,vi:Chùa Thầy
Thành phố Hà Nội,"Phủ Tây Hồ · 52 Ngách 50/59 Phố Đặng Thai Mai, Tây Hồ, Hà Nội",Chùa / đền / nhà thờ,Dễ,7,21.0555556,105.8197192,https://thumb.wikimedia.org/wikipedia/commons/thumb/1/1e/Ph%E1%BB%A7_T%C3%A2y_H%E1%BB%93.jpg/960px-Ph%E1%BB%A7_T%C3%A2y_H%E1%BB%93.jpg?utm_source=commons.wikimedia.org&utm_campaign=imageinfo&utm_content=thumbnail,"Phủ Tây Hồ là một ngôi đền thờ công chúa Liễu Hạnh nằm tại thủ đô Hà Nội của Việt Nam. Theo truyền thuyết, phủ được xây dựng vào khoảng thế kỷ 17.
Ngôi đền tọa lạc tại bán đảo lớn của làng Nghi Tàm, nhô ra giữa Hồ Tây, ở số 52 phố Đặng Thai Mai, phường Tây Hồ, thành phố Hà Nội.","Nguồn: OpenStreetMap, Wikipedia · Ảnh: Bùi Thụy Đào Nguyên, CC BY-SA 3.0, Wikimedia Commons",way/941901613,vi:Phủ Tây Hồ
Thành phố Hà Nội,"Chùa Hà · 86 Phố Chùa Hà, Dịch Vọng Trung, Cầu Giấy, Hà Nội",Chùa / đền / nhà thờ,Dễ,7,21.0371267,105.7951905,https://thumb.wikimedia.org/wikipedia/commons/thumb/5/5a/ChuaHa_TamQuan.JPG/960px-ChuaHa_TamQuan.JPG?utm_source=commons.wikimedia.org&utm_campaign=imageinfo&utm_content=thumbnail,"Chùa Hà có tên chữ là Thánh Đức tự (Chữ Hán: 聖德寺), cùng với Đình Bối Hà, lập thành cụm di tích Đình - Chùa Hà nằm trên một mảnh đất, trước kia thuộc xóm Hà (nằm đối diện qua đường Cầu Giấy) - thôn Trung - xã Dịch Vọng, huyện Từ Liêm, nay là số nhà 86 phố Chùa Hà, phường Cầu Giấy, thành phố Hà Nội. Chùa Hà cùng với chùa Duyên Ninh là 2 ngôi chùa cầu duyên ở miền Bắc.","Nguồn: OpenStreetMap, Wikipedia · Ảnh: Bùi Thế Tâm, CC BY-SA 3.0, Wikimedia Commons",way/1118494921,vi:Chùa Hà
Thành phố Hà Nội,"Đình Mông Phụ · Quốc lộ 32 - Đường Hồ Chí Minh, Sơn Tây, Hà Nội",Chùa / đền / nhà thờ,Dễ,7,21.1584673,105.4704452,https://thumb.wikimedia.org/wikipedia/commons/thumb/f/fc/Dinh_mong_phu.jpg/960px-Dinh_mong_phu.jpg?utm_source=commons.wikimedia.org&utm_campaign=imageinfo&utm_content=thumbnail,"Đình Mông Phụ (亭蒙阜) là một di tích cấp quốc gia ở làng cổ Đường Lâm, nay thuộc phường Sơn Tây, thành phố Hà Nội, Việt Nam.","Nguồn: OpenStreetMap, Wikipedia · Ảnh: Bùi Thụy Đào Nguyên, CC BY-SA 3.0, Wikimedia Commons",way/1193800376,vi:Đình Mông Phụ
Thành phố Hà Nội,"Chùa Nga My · Hoàng Mai, Tương Mai, Hà Nội",Chùa / đền / nhà thờ,Dễ,7,20.9908482,105.8519972,https://thumb.wikimedia.org/wikipedia/commons/thumb/3/39/C%E1%BB%95ng_ch%C3%B9a_Ho%C3%A0ng_Mai.jpg/960px-C%E1%BB%95ng_ch%C3%B9a_Ho%C3%A0ng_Mai.jpg?utm_source=commons.wikimedia.org&utm_campaign=imageinfo&utm_content=thumbnail,"Chùa Hoàng Mai (tên chữ: ""Nga My tự"") có địa chỉ tại số 8 đường Hoàng Mai, phường Tương Mai, Hà Nội (Xưa thuộc làng Hoàng Mai của vùng đất Kẻ Mơ), nhưng tọa lạc ở trong ngõ 160 và ngõ 94 đường Hoàng Mai, phường Tương Mai, Hà Nội. Theo bia đá trong chùa thì chùa được sửa chữa lớn vào năm Hồng Đức 28 (1497), gồm có tiền đường, nhà thiêu hương và thượng điện. Ngoài ra tấm bia còn cho biết ngôi chùa được xây dựng ngay sau khi vua Lý Công Uẩn dời đô từ Hoa Lư ra Thăng Long.","Nguồn: OpenStreetMap, Wikipedia · Ảnh: Vmosnokia31, CC BY 4.0, Wikimedia Commons",way/1323789771,vi:Chùa Nga My
Thành phố Hà Nội,"Công viên Lê-nin · Đường Điện Biên Phủ, Ba Đình, Hà Nội",Công viên,Dễ,7,21.0317824,105.8395837,https://thumb.wikimedia.org/wikipedia/commons/thumb/7/7a/Lenin_Park_Hanoi.JPG/960px-Lenin_Park_Hanoi.JPG?utm_source=commons.wikimedia.org&utm_campaign=imageinfo&utm_content=thumbnail,"Bài này viết về công viên Lê-nin hiện nay của Hà Nội, vốn là vườn hoa Chi Lăng. Để đọc về công viên Lê-nin cũ, xem bài công viên Thống Nhất
Công viên Lê-nin (trước đây là vườn hoa Chi Lăng) là một công viên mang tên Lê Nin nằm đối diện với Bảo tàng Lịch sử Quân sự Việt Nam tại thủ đô Hà Nội. Nó nằm trên mặt phố Điện Biên Phủ, Trần Phú và Hoàng Diệu.","Nguồn: OpenStreetMap, Wikipedia · Ảnh: Rungbachduong, CC BY-SA 3.0, Wikimedia Commons",way/185540946,vi:Công viên Lê Nin
Thành phố Hà Nội,"Vườn bách thảo Hà Nội · Ba Đình, Hà Nội",Công viên,Dễ,7,21.0401442,105.831275,https://thumb.wikimedia.org/wikipedia/commons/thumb/2/27/Bachthaohn.jpg/960px-Bachthaohn.jpg?utm_source=commons.wikimedia.org&utm_campaign=imageinfo&utm_content=thumbnail,"Vườn bách thảo Hà Nội hay Công viên Bách Thảo là một công viên cây xanh nằm ở phía tây bắc thủ đô Hà Nội, được thành lập từ những năm đầu người Pháp đặt chân đến Việt Nam trong cuộc xâm lăng đô hộ và thuộc địa. Hiện nay vườn được ví như lá phổi xanh của Hà Nội, nơi những người yêu thiên nhiên được đắm mình trong màu xanh cây lá và những âm thanh của rừng, với những cây cổ thụ lớn bằng vòng tay mấy người ôm là chứng nhân của nhiều biến cố trong lịch sử thủ đô.","Nguồn: OpenStreetMap, Wikipedia · Ảnh: Viethavvh, Public domain, Wikimedia Commons",way/207178319,vi:Vườn bách thảo Hà Nội
Thành phố Hà Nội,"Hồ Tây · Tây Hồ, Hà Nội",Hồ,Dễ,7,21.0580519,105.8238327,https://thumb.wikimedia.org/wikipedia/commons/thumb/9/9a/West_Lake_%28Hanoi%29.jpg/960px-West_Lake_%28Hanoi%29.jpg?utm_source=commons.wikimedia.org&utm_campaign=imageinfo&utm_content=thumbnail,"Hồ Tây (với các tên gọi khác trong lịch sử như Đầm Xác Cáo, Hồ Kim Ngưu, Lãng Bạc, Dâm Đàm, Đoài Hồ) là hồ tự nhiên lớn nhất thành phố Hà Nội, hiện thuộc địa phận phường Tây Hồ. Đây là một hồ móng ngựa và là vết tích của dòng chảy cũ của sông Hồng. Hồ có diện tích hơn 500 ha với chu vi là khoảng 14,8 km.","Nguồn: OpenStreetMap, Wikipedia · Ảnh: Rungbachduong, CC BY-SA 3.0, Wikimedia Commons",way/9635863,vi:Hồ Tây
Thành phố Hà Nội,"Hồ Thiền Quang · Hai Bà Trưng, Hà Nội",Hồ,Dễ,7,21.0184327,105.8455256,https://upload.wikimedia.org/wikipedia/commons/4/40/H%E1%BB%93_Thi%E1%BB%81n_Quang.jpg?utm_source=commons.wikimedia.org&utm_campaign=imageinfo&utm_content=thumbnail_unscaled,"Hồ Thiền Quang (hay còn gọi là Hồ Ha-le, tên tiếng Pháp là Hồ Halais được đặt theo tên của phố Nguyễn Du (rue Halais) thời Pháp thuộc) là một hồ ở phường Hai Bà Trưng, Hà Nội. Hồ được bao quanh bởi bốn con phố/đường đầy cây xanh và bóng mát là Nguyễn Du, Trần Bình Trọng, Trần Nhân Tông và Quang Trung, đặc biệt là đường Nguyễn Du có hàng cây hoa sữa tỏa hương ngào ngạt vào mùa thu.

Hồ nằm ngay phía trước cổng chính của Công viên Thống Nhất (trước là Công viên Lê Nin) là một trong những nơi nghỉ ngơi, thư giãn và hóng mát của người Hà Nội.","Nguồn: OpenStreetMap, Wikipedia · Ảnh: Tong Van Tuan Anh from Ha Noi, Viet Nam, CC BY 2.0, Wikimedia Commons",relation/3375635,vi:Hồ Thiền Quang
Thành phố Hà Nội,"Hồ Bảy Mẫu · Hai Bà Trưng, Hà Nội",Hồ,Dễ,7,21.0115241,105.8436112,https://thumb.wikimedia.org/wikipedia/commons/thumb/0/0d/Parc_h%E1%BB%93_B%E1%BA%A3y_M%E1%BA%ABu_%288%29.jpg/960px-Parc_h%E1%BB%93_B%E1%BA%A3y_M%E1%BA%ABu_%288%29.jpg?utm_source=commons.wikimedia.org&utm_campaign=imageinfo&utm_content=thumbnail,"Hồ Bảy Mẫu là một hồ nước ngọt nằm trong công viên Thống Nhất ở Hà Nội. Mặt nước hồ chiếm khoảng 28 ha, giữa hồ có đảo Thống Nhất và đảo Hoà Bình.","Nguồn: OpenStreetMap, Wikipedia · Ảnh: Guerinf, CC BY-SA 4.0, Wikimedia Commons",relation/6971369,vi:Hồ Bảy Mẫu
Thành phố Hà Nội,"Hồ Linh Đàm · 7 Bán Đảo Linh Đàm, Khu đô thị Linh Đàm, Hoàng Liệt, Hà Nội",Hồ,Dễ,7,20.9654935,105.8340371,https://thumb.wikimedia.org/wikipedia/commons/thumb/a/a3/Chung_c%C6%B0_VP6_Linh_%C4%90%C3%A0m%2C_Ho%C3%A0ng_Mai%2C_H%C3%A0_N%E1%BB%99i_001.jpg/960px-Chung_c%C6%B0_VP6_Linh_%C4%90%C3%A0m%2C_Ho%C3%A0ng_Mai%2C_H%C3%A0_N%E1%BB%99i_001.jpg?utm_source=commons.wikimedia.org&utm_campaign=imageinfo&utm_content=thumbnail,"Hồ Linh Đàm, trước đây được gọi là đầm Linh Đàm, là một hồ nước tại thành phố Hà Nội, Việt Nam. Hồ nằm cách trung tâm Hà Nội khoảng 7 km về phía nam, hiện là một phần của khu đô thị Linh Đàm nằm trên địa bàn phường Hoàng Liệt.
Hồ Linh Đàm có diện tích 74 ha, bao quanh khu vực bán đảo Linh Đàm.","Nguồn: OpenStreetMap, Wikipedia · Ảnh: Phan Minh Tuấn, CC BY-SA 4.0, Wikimedia Commons",relation/12290505,vi:Hồ Linh Đàm
Thành phố Hà Nội,"Công viên Indira Gandhi · Giảng Võ, Hà Nội",Công viên,Dễ,6,21.0188015,105.8140975,https://thumb.wikimedia.org/wikipedia/commons/thumb/7/72/C%E1%BB%95ng_c%C3%B4ng_vi%C3%AAn_Indira_Gandhi%2C_H%C3%A0_N%E1%BB%99i_005.JPG/960px-C%E1%BB%95ng_c%C3%B4ng_vi%C3%AAn_Indira_Gandhi%2C_H%C3%A0_N%E1%BB%99i_005.JPG?utm_source=commons.wikimedia.org&utm_campaign=imageinfo&utm_content=thumbnail,"Công viên Indira Gandhi (tên khác là Công viên hồ Thành Công) là một công viên tại Hà Nội. Công viên Indira Gandhi được đặt tên theo nữ thủ tướng người Ấn Độ đầu tiên. Công viên Indra Gandhi cũ có vị trí bên hồ Hoàn Kiếm trước đây, nay là vườn hoa Lý Thái Tổ.","Nguồn: OpenStreetMap, Wikipedia · Ảnh: Phan Minh Tuấn, CC BY-SA 4.0, Wikimedia Commons",way/38137267,vi:Công viên Indira Gandhi
Thành phố Hà Nội,"Biệt thự 49 Trần Hưng Đạo · 49 Phố Trần Hưng Đạo, Cửa Nam, Hà Nội",Di tích lịch sử,Dễ,4,21.0208459,105.8519134,https://thumb.wikimedia.org/wikipedia/commons/thumb/2/27/Bi%E1%BB%87t_th%E1%BB%B1_49_Tr%E1%BA%A7n_H%C6%B0ng_%C4%90%E1%BA%A1o%2C_H%C3%A0_N%E1%BB%99i.jpg/960px-Bi%E1%BB%87t_th%E1%BB%B1_49_Tr%E1%BA%A7n_H%C6%B0ng_%C4%90%E1%BA%A1o%2C_H%C3%A0_N%E1%BB%99i.jpg?utm_source=commons.wikimedia.org&utm_campaign=imageinfo&utm_content=thumbnail,"Dinh thự cổ nằm tại 49 Phố Trần Hưng Đạo, Cửa Nam, Hà Nội.","Nguồn: OpenStreetMap · Ảnh: Nguyenmy2302, CC BY-SA 4.0, Wikimedia Commons",way/1040742615,
Thành phố Hải Phòng,"Vườn quốc gia Cát Bà · Cát Hải, Hải Phòng",Vườn quốc gia,Trung Bình,8,20.8066796,107.0330564,https://thumb.wikimedia.org/wikipedia/commons/thumb/b/b6/Cat_Ba_national_park.JPG/960px-Cat_Ba_national_park.JPG?utm_source=commons.wikimedia.org&utm_campaign=imageinfo&utm_content=thumbnail,"Vườn quốc gia Cát Bà là khu rừng đặc dụng của Việt Nam, khu dự trữ sinh quyển thế giới. Vườn quốc gia Cát Bà trực thuộc Ủy ban nhân dân thành phố Hải Phòng quản lý, có trụ sở chính đóng trên địa bàn đặc khu Cát Hải, Hải Phòng.","Website: https://vuonquocgiacatba.com.vn/ · Nguồn: OpenStreetMap, Wikipedia · Ảnh: Binh Giang, Public domain, Wikimedia Commons",relation/15979700,vi:Vườn quốc gia Cát Bà
Thành phố Hải Phòng,Làng chài Cái Bèo · Hải Phòng,Điểm tham quan,Dễ,7,20.7375404,107.0621364,https://thumb.wikimedia.org/wikipedia/commons/thumb/0/0b/Cat_Ba_island_fishing_village.jpg/960px-Cat_Ba_island_fishing_village.jpg?utm_source=commons.wikimedia.org&utm_campaign=imageinfo&utm_content=thumbnail,"Cái Bèo là một di chỉ khảo cổ trên đảo Cát Bà thuộc địa phận thành phố Hải Phòng, Việt Nam. Với các hiện vật có niên đại 4.000–7.000 năm được phát hiện, di chỉ này đã được các nhà khảo cổ học nhận định là làng chài biển cổ có quy mô lớn nhất hiện được biết ở Việt Nam.","Nguồn: OpenStreetMap, Wikipedia · Ảnh: Kris Martyn, CC BY-SA 4.0, Wikimedia Commons",relation/20057203,vi:Cái Bèo
Thành phố Hồ Chí Minh,"Dinh Độc Lập · Khu phố 1, Bến Thành, Ho Chi Minh City, Hồ Chí Minh",Di tích lịch sử,Dễ,10,10.777017,106.6954031,https://thumb.wikimedia.org/wikipedia/commons/thumb/7/7d/20190923_Independence_Palace-10.jpg/960px-20190923_Independence_Palace-10.jpg?utm_source=commons.wikimedia.org&utm_campaign=imageinfo&utm_content=thumbnail,"Dinh Độc Lập là một tòa dinh thự tại Thành phố Hồ Chí Minh, từng là nơi ở và làm việc của Tổng thống Việt Nam Cộng hòa trước Sự kiện 30 tháng 4 năm 1975. Hiện nay, Dinh Độc Lập đã được Chính phủ Việt Nam xếp hạng là di tích quốc gia đặc biệt. Cơ quan quản lý di tích văn hóa Dinh Độc Lập có tên là Hội trường Thống Nhất thuộc Văn phòng Chính phủ.","Giờ mở cửa: hằng ngày 08:00-18:00 · Điện thoại: +84 80 85037 · Website: https://dinhdoclap.gov.vn · Nguồn: OpenStreetMap, Wikipedia · Ảnh: Balon Greyjoy, CC0, Wikimedia Commons",way/39598493,vi:Dinh Độc Lập
Thành phố Hồ Chí Minh,"Nhà thờ Đức Bà Sài Gòn · Khu phố 3, Sài Gòn, Ho Chi Minh City, Hồ Chí Minh",Chùa / đền / nhà thờ,Dễ,10,10.779771,106.6990579,https://thumb.wikimedia.org/wikipedia/commons/thumb/9/9d/Bas%C3%ADlica_de_Nuestra_Se%C3%B1ora%2C_Ciudad_Ho_Chi_Minh%2C_Vietnam%2C_2013-08-14%2C_DD_09.JPG/960px-Bas%C3%ADlica_de_Nuestra_Se%C3%B1ora%2C_Ciudad_Ho_Chi_Minh%2C_Vietnam%2C_2013-08-14%2C_DD_09.JPG?utm_source=commons.wikimedia.org&utm_campaign=imageinfo&utm_content=thumbnail,"Nhà thờ Chánh tòa Đức Bà Sài Gòn (hay Vương cung thánh đường chánh tòa Đức Mẹ Vô nhiễm Nguyên tội, tiếng Anh: Immaculate Conception Cathedral Basilica, tiếng Pháp: Cathédrale Notre-Dame de Saïgon, tiếng Latinh: Basilica Immaculatae Conceptionis), thường được gọi tắt là Nhà thờ Đức Bà, là nhà thờ chính tòa của Tổng giáo phận Sài Gòn.
Nhà thờ không chỉ là biểu tượng của Công giáo ở Việt Nam, mà còn là một trong những công trình kiến trúc độc đáo của Thành phố Hồ Chí Minh và điểm đến nổi tiếng với du khách. Tên gọi ban đầu của nhà thờ là Nhà thờ Sài Gòn (tiếng Pháp: l'eglise de Saïgon), tên gọi Nhà thờ Đức Bà bắt đầu được sử dụng từ năm 1959 bằng việc đặt Tượng Đức Bà Hòa Bình trước khuôn viên.","Nguồn: OpenStreetMap, Wikipedia · Ảnh: Diego Delso, CC BY-SA 3.0, Wikimedia Commons",way/801950766,vi:Nhà thờ chính tòa Đức Bà Sài Gòn
Thành phố Hồ Chí Minh,"Trụ sở Ủy ban nhân dân Thành phố Hồ Chí Minh · 86 Lê Thánh Tôn, Khu phố 3, Sài Gòn, Hồ Chí Minh",Điểm tham quan,Dễ,9,10.7765959,106.7009554,https://thumb.wikimedia.org/wikipedia/commons/thumb/0/02/Ayuntamiento%2C_Ciudad_Ho_Chi_Minh%2C_Vietnam%2C_2013-08-14%2C_DD_09.JPG/960px-Ayuntamiento%2C_Ciudad_Ho_Chi_Minh%2C_Vietnam%2C_2013-08-14%2C_DD_09.JPG?utm_source=commons.wikimedia.org&utm_campaign=imageinfo&utm_content=thumbnail,"Trụ sở Ủy ban nhân dân Thành phố Hồ Chí Minh là một trong những công trình kiến trúc cổ điển ở Thành phố Hồ Chí Minh, được xây dựng từ năm 1898 đến 1908, khánh thành năm 1909. Thời Pháp thuộc, tòa nhà này có tên là Hôtel de ville trong tiếng Pháp hay Dinh xã Tây trong tiếng Việt. Đến thời Việt Nam Cộng hòa, nó được gọi là Tòa đô chánh Sài Gòn vì là nơi làm việc và hội họp của chính quyền thủ đô.","Giờ mở cửa: T2-T6 07:30-17:00 · Điện thoại: +84 28 3829 6052 · Website: https://vpub.hochiminhcity.gov.vn/ · Nguồn: OpenStreetMap, Wikipedia · Ảnh: Diego Delso, CC BY-SA 3.0, Wikimedia Commons",way/341504305,vi:Trụ sở Ủy ban Nhân dân Thành phố Hồ Chí Minh
Thành phố Hồ Chí Minh,"Nhà hát Thành phố · 7 Công trường Lam Sơn, Khu phố 5, Sài Gòn, Hồ Chí Minh",Điểm tham quan,Dễ,9,10.7767109,106.7032186,https://thumb.wikimedia.org/wikipedia/commons/thumb/9/98/Municipal_Theatre_of_Ho_Chi_Minh_City%2C_2023_%2801%29.jpg/960px-Municipal_Theatre_of_Ho_Chi_Minh_City%2C_2023_%2801%29.jpg?utm_source=commons.wikimedia.org&utm_campaign=imageinfo&utm_content=thumbnail,"Nhà hát Sài Gòn (Tiếng Anh: Saigon Opera House), thường được gọi ngắn gọn là Nhà hát Thành phố, là một nhà hát có mặt tiền hướng ra Công trường Lam Sơn và đường Đồng Khởi, phường Sài Gòn, Thành phố Hồ Chí Minh. được quản lý trực tiếp bởi Trung tâm Tổ chức Biểu diễn và Điện ảnh Thành phố (Saigon Concert) - đơn vị trực thuộc Sở Văn hóa và Thể thao Thành phố Hồ Chí Minh. Nằm ở một vị trí thuận lợi tại trung tâm thành phố, nhà hát được xem là nhà hát trung tâm, đa năng chuyên tổ chức biểu diễn sân khấu nghệ thuật đồng thời cũng được sử dụng để tổ chức các sự kiện lớn.","Website: https://saigonconcert.com/ · Nguồn: OpenStreetMap, Wikipedia · Ảnh: Bahnfrend, CC BY-SA 4.0, Wikimedia Commons",way/801710792,vi:Nhà hát Sài Gòn
Thành phố Hồ Chí Minh,"Bảo tàng Mỹ thuật Thành phố Hồ Chí Minh · 97A Phó Ðức Chính, Khu phố 16, Bến Thành, Hồ Chí Minh",Bảo tàng,Dễ,9,10.769646,106.6992468,https://thumb.wikimedia.org/wikipedia/commons/thumb/e/e8/Museum_of_Fine_Arts%2C_HCMC.jpg/960px-Museum_of_Fine_Arts%2C_HCMC.jpg?utm_source=commons.wikimedia.org&utm_campaign=imageinfo&utm_content=thumbnail,"Bảo tàng Mỹ thuật Thành phố Hồ Chí Minh tọa lạc tại số 97 Phó Đức Chính, phường Bến Thành, Thành phố Hồ Chí Minh, Việt Nam; được thành lập năm 1987 và đi vào hoạt động năm 1991. Tòa nhà bao gồm 3 tầng, trưng bày các tác phẩm hội họa, điêu khắc, cổ vật có giá trị mỹ thuật cao. Đây là một trong những trung tâm mỹ thuật lớn nhất cả nước.","Có thu phí tham quan · Website: http://baotangmythuattphcm.com.vn · Nguồn: OpenStreetMap, Wikipedia · Ảnh: thalling55, CC BY 2.0, Wikimedia Commons",way/802157425,vi:Bảo tàng Mỹ thuật Thành phố Hồ Chí Minh
Thành phố Hồ Chí Minh,"Bảo tàng Lịch sử Thành phố Hồ Chí Minh · 2 Nguyễn Thị Minh Khai, Khu phố 1, Sài Gòn, Hồ Chí Minh",Bảo tàng,Dễ,9,10.7879621,106.7049183,https://thumb.wikimedia.org/wikipedia/commons/thumb/5/57/Vietnam_History_Museum_HCMC.JPG/960px-Vietnam_History_Museum_HCMC.JPG?utm_source=commons.wikimedia.org&utm_campaign=imageinfo&utm_content=thumbnail,"Bảo tàng Lịch sử Thành phố Hồ Chí Minh tọa lạc tại số 2 đường Nguyễn Bỉnh Khiêm, phường Sài Gòn, trong khuôn viên Thảo Cầm Viên Sài Gòn. Đây là nơi bảo tồn và trưng bày hàng chục ngàn hiện vật quý được sưu tầm trong và ngoài nước Việt Nam.","Giờ mở cửa: T3-CN 08:00-11:30, 13:00-17:00 · Website: http://www.baotanglichsutphcm.com.vn/en-US/sightseeing/policy · Nguồn: OpenStreetMap, Wikipedia · Ảnh: Nguyễn Thanh Quang, CC BY-SA 3.0, Wikimedia Commons",relation/17758150,vi:Bảo tàng Lịch sử Thành phố Hồ Chí Minh
Thành phố Hồ Chí Minh,"Bãi Trước · Vũng Tàu, Hồ Chí Minh",Bãi biển,Dễ,9,10.3438352,107.0738621,https://thumb.wikimedia.org/wikipedia/commons/thumb/d/d2/%C4%90%C6%B0%E1%BB%9Dng_ven_bi%E1%BB%83n_V%C5%A9ng_T%C3%A0u.jpg/960px-%C4%90%C6%B0%E1%BB%9Dng_ven_bi%E1%BB%83n_V%C5%A9ng_T%C3%A0u.jpg?utm_source=commons.wikimedia.org&utm_campaign=imageinfo&utm_content=thumbnail,"Bãi Trước hay Bãi Tầm Dương là một bãi biển thuộc phường Vũng Tàu, Thành phố Hồ Chí Minh, Việt Nam.","Nguồn: OpenStreetMap, Wikipedia · Ảnh: Bùi Thụy Đào Nguyên, CC BY-SA 3.0, Wikimedia Commons",way/220821647,vi:Bãi Trước
Thành phố Hồ Chí Minh,"Tượng Chúa Kitô Vua · Hẻm 222 Phan Chu Trinh, Khu phố 6, Vũng Tàu, Hồ Chí Minh",Di tích lịch sử,Dễ,9,10.3265012,107.0845207,https://thumb.wikimedia.org/wikipedia/commons/thumb/7/75/Statue_of_Jesus_in_Vung_Tau.jpg/960px-Statue_of_Jesus_in_Vung_Tau.jpg?utm_source=commons.wikimedia.org&utm_campaign=imageinfo&utm_content=thumbnail,"Tượng Chúa Kitô Vua (hoặc Tượng Đức Chúa dang tay, Tượng Chúa Kitô trên đỉnh Núi Tao Phùng) là một bức tượng Chúa Giêsu được đặt trên đỉnh Núi Nhỏ của phường Vũng Tàu, Thành phố Hồ Chí Minh (được xây từ năm 1974). Tượng đã được xác lập là ""Tượng Chúa Giêsu lớn nhất khu vực châu Á"" vào năm 2012.","Nguồn: OpenStreetMap, Wikipedia · Ảnh: Chris Phan from Eugene, Oregon, United States, CC BY-SA 2.0, Wikimedia Commons",way/235008112,vi:Tượng Chúa Kitô Vua (Vũng Tàu)
Thành phố Hồ Chí Minh,"Hội quán Nhị Phủ · Phùng Hưng, Khu phố 16, Chợ Lớn, Hồ Chí Minh",Chùa / đền / nhà thờ,Dễ,9,10.751397,106.6572598,https://thumb.wikimedia.org/wikipedia/commons/thumb/1/10/Mi%E1%BA%BFu_Nh%E1%BB%8B_Ph%E1%BB%A7.jpg/960px-Mi%E1%BA%BFu_Nh%E1%BB%8B_Ph%E1%BB%A7.jpg?utm_source=commons.wikimedia.org&utm_campaign=imageinfo&utm_content=thumbnail,"Hội quán Nhị Phủ (chữ Hán: 二府會館), còn được gọi là Miếu Nhị Phủ hay Chùa Ông Bổn, là một cơ sở tín ngưỡng tại địa chỉ số 264 đường Hải Thượng Lãn Ông, Phường Chợ Lớn, Thành phố Hồ Chí Minh. Đây là hội quán do người Hoa gốc Phúc Kiến lập ra trên đất Đề Ngạn xưa (nay là vùng Chợ Lớn) vào khoảng đầu thế kỷ 18.","Nguồn: OpenStreetMap, Wikipedia · Ảnh: Bùi Thụy Đào Nguyên, CC BY-SA 3.0, Wikimedia Commons",way/666569008,vi:Hội quán Nhị Phủ
Thành phố Hồ Chí Minh,"Hội quán Phước An · 184 Đường Hồng Bàng, Khu phố 1, Chợ Lớn, Hồ Chí Minh",Chùa / đền / nhà thờ,Dễ,9,10.7549991,106.658867,https://thumb.wikimedia.org/wikipedia/commons/thumb/7/74/Phuoc_An_Hoi_Quan_Pagoda_%2810018160114%29.jpg/960px-Phuoc_An_Hoi_Quan_Pagoda_%2810018160114%29.jpg?utm_source=commons.wikimedia.org&utm_campaign=imageinfo&utm_content=thumbnail,"Hội quán Phước An (chữ Hán: 福安會館), còn được gọi là Chùa Minh Hương, là một cơ sở tín ngưỡng tại địa chỉ số 184 đường Hồng Bàng, phường Chợ Lớn, Thành phố Hồ Chí Minh. Đây là một trong những hội quán do cộng đồng người Hoa tại Chợ Lớn xây dựng.","Giờ mở cửa: hằng ngày 06:00-18:00 · Nguồn: OpenStreetMap, Wikipedia · Ảnh: Gary Todd from Xinzheng, China, CC0, Wikimedia Commons",way/669863010,vi:Hội quán Phước An
Thành phố Hồ Chí Minh,"Địa đạo Củ Chi · 741 Tỉnh lộ 15, Bàu Lách, Nhuận Đức, Hồ Chí Minh",Điểm tham quan,Dễ,8,11.0630436,106.5291244,https://thumb.wikimedia.org/wikipedia/commons/thumb/0/00/W_C%E1%BB%A7_Chi_%C4%90%E1%BB%8Ba_%C4%91%E1%BA%A1o_C%E1%BB%A7_Chi_ng%E1%BB%A5y_trang.JPG/960px-W_C%E1%BB%A7_Chi_%C4%90%E1%BB%8Ba_%C4%91%E1%BA%A1o_C%E1%BB%A7_Chi_ng%E1%BB%A5y_trang.JPG?utm_source=commons.wikimedia.org&utm_campaign=imageinfo&utm_content=thumbnail,"Địa đạo Củ Chi là một hệ thống phòng thủ trong lòng đất ở xã An Nhơn Tây, cách trung tâm Thành phố Hồ Chí Minh 69 km về hướng Tây-Bắc. Hệ thống này được quân kháng chiến Việt Minh và Mặt trận Dân tộc Giải phóng miền Nam Việt Nam đào trong thời kỳ Chiến tranh Đông Dương và Chiến tranh Việt Nam. Hệ thống địa đạo bao gồm bệnh xá, nhiều phòng ở, nhà bếp, kho chứa, phòng làm việc, hệ thống đường ngầm dưới lòng đất, dài khoảng 250 km và có các hệ thống thông hơi tại vị trí các bụi cây.","Nguồn: OpenStreetMap, Wikipedia · Ảnh: Phương Huy, Public domain, Wikimedia Commons",node/1388480068,vi:Địa đạo Củ Chi
Thành phố Hồ Chí Minh,"Chợ Bến Thành · Công trường Quách Thị Trang, Khu phố 1, Bến Thành, Hồ Chí Minh",Điểm tham quan,Dễ,8,10.7725707,106.6980174,https://thumb.wikimedia.org/wikipedia/commons/thumb/a/a3/Ben_Thanh_market_in_Vietnam_%28340932410%29.jpg/960px-Ben_Thanh_market_in_Vietnam_%28340932410%29.jpg?utm_source=commons.wikimedia.org&utm_campaign=imageinfo&utm_content=thumbnail,"Chợ Bến Thành là một ngôi chợ nằm tại phường Bến Thành, Thành phố Hồ Chí Minh. Chợ được khởi công xây dựng từ năm 1912, hình ảnh đồng hồ ở cửa nam của ngôi chợ này được xem là biểu tượng không chính thức của Thành phố Hồ Chí Minh.
Chợ nằm giữa các đường Phan Bội Châu - Phan Chu Trinh - Lê Thánh Tôn - Công trường Quách Thị Trang tại phường Bến Thành với diện tích 13.056 m².","Giờ mở cửa: hằng ngày 06:00-18:00 · Điện thoại: 0973756776 · Website: https://benthanhmarket.vn/ · Nguồn: OpenStreetMap, Wikipedia · Ảnh: MrTMan from Jyväskylä, Finland, CC BY-SA 2.0, Wikimedia Commons",way/39514795,vi:Chợ Bến Thành
Thành phố Hồ Chí Minh,"Cầu Mống · Xóm Chiếu, Hồ Chí Minh",Điểm tham quan,Dễ,8,10.768069,106.7036691,https://thumb.wikimedia.org/wikipedia/commons/thumb/d/d3/Rainbow_Bridge_and_Bitexco_Tower_%2816270005045%29.jpg/960px-Rainbow_Bridge_and_Bitexco_Tower_%2816270005045%29.jpg?utm_source=commons.wikimedia.org&utm_campaign=imageinfo&utm_content=thumbnail,"Cầu Mống hay cầu Arc-en-ciel là một cây cầu bắc qua kênh Bến Nghé, nối liền giữa Quận 1 và Quận 4, Thành phố Hồ Chí Minh, Việt Nam. Đây được coi là một trong những cây cầu cổ xưa nhất tại thành phố này.
Cầu do Công ty vận chuyển hàng hải Messageries Maritimes của Pháp bỏ vốn xây dựng vào năm 1893-1894, dài 128 mét, rộng 5,2 mét, lề bộ hành rộng 0,5 mét, xây bằng thép kiên cố.","Nguồn: OpenStreetMap, Wikipedia · Ảnh: Prince Roy from Ho Chi Minh City, Vietnam, CC BY 2.0, Wikimedia Commons",way/286297477,vi:Cầu Mống
Thành phố Hồ Chí Minh,"Bảo tàng Chứng tích Chiến tranh · Khu phố 3, Xuân Hòa, Ho Chi Minh City, Hồ Chí Minh",Bảo tàng,Dễ,8,10.7793793,106.6921923,https://thumb.wikimedia.org/wikipedia/commons/thumb/4/47/War_Remnants_Museum%2C_HCMC%2C_front.JPG/960px-War_Remnants_Museum%2C_HCMC%2C_front.JPG?utm_source=commons.wikimedia.org&utm_campaign=imageinfo&utm_content=thumbnail,"Bảo tàng Chứng tích Chiến tranh (War Remnants Museum) là một bảo tàng vì hòa bình ở số 28 đường Võ Văn Tần, phường Xuân Hòa, Thành phố Hồ Chí Minh. Bảo tàng Chứng tích Chiến tranh trực thuộc Sở Văn hóa và Thể thao Thành phố Hồ Chí Minh, là thành viên của hệ thống Bảo tàng vì hòa bình thế giới và Hội đồng các bảo tàng thế giới (ICOM). Bảo tàng Chứng tích Chiến tranh là Bảo tàng chuyên đề nghiên cứu, sưu tầm, lưu trữ, bảo quản và trưng bày những tư liệu, hình ảnh, hiện vật về những chứng tích tội ác và hậu quả của các cuộc chiến tranh mà các thế lực xâm lược đã gây ra đối với Việt Nam.","Giờ mở cửa: hằng ngày 07:30-12:00, 13:30-17:00 · Có thu phí tham quan · Website: https://www.baotangchungtichchientranh.vn/contact.html · Nguồn: OpenStreetMap, Wikipedia · Ảnh: Prenn, CC BY-SA 3.0, Wikimedia Commons",way/186249226,vi:Bảo tàng Chứng tích chiến tranh
Thành phố Hồ Chí Minh,"Bảo tàng Hồ Chí Minh · Nguyễn Tất Thành, Xóm Chiếu, Hồ Chí Minh",Bảo tàng,Dễ,8,10.7682509,106.7068074,https://thumb.wikimedia.org/wikipedia/commons/thumb/c/c0/Ho_Chi_Minh_Museum%2C_Saigon.jpg/960px-Ho_Chi_Minh_Museum%2C_Saigon.jpg?utm_source=commons.wikimedia.org&utm_campaign=imageinfo&utm_content=thumbnail,"Bến Nhà Rồng, tên chính thức là Bảo tàng Hồ Chí Minh - Chi nhánh Thành phố Hồ Chí Minh, là cụm di tích kiến trúc - bảo tàng nằm bên sông Sài Gòn, thuộc phường Xóm Chiếu (xưa là Quận 4), Thành phố Hồ Chí Minh. Nơi đây từng là trụ sở của hãng vận tải Messageries maritimes tại Sài Gòn từ năm 1864 đến năm 1955. Ngày nay, địa danh này được biết đến nhiều do tại đây có cụm di tích kiến trúc đánh dấu sự kiện ngày 5 tháng 6 năm 1911, người thanh niên Nguyễn Tất Thành (sau này là Chủ tịch Hồ Chí Minh) đã xuống con tàu Amiral Latouche-Tréville làm phụ bếp để có điều kiện sang châu Âu, mở đầu hành trình cách mạng của mình.","Giờ mở cửa: T2,T6 08:00-12:00; T3-T5,T7,CN 08:00-12:00,14:00-16:30 · Nguồn: OpenStreetMap, Wikipedia · Ảnh: Gary Todd, CC0, Wikimedia Commons",way/808022726,vi:Bến Nhà Rồng
Thành phố Hồ Chí Minh,"Vườn quốc gia Côn Đảo · Cỏ Ống, Côn Sơn, Đất Dốc, Hồ Chí Minh",Vườn quốc gia,Trung Bình,8,8.703807,106.6400687,https://thumb.wikimedia.org/wikipedia/commons/thumb/3/3d/C%C3%B4n_%C4%90%E1%BA%A3o_National_Park.jpg/960px-C%C3%B4n_%C4%90%E1%BA%A3o_National_Park.jpg?utm_source=commons.wikimedia.org&utm_campaign=imageinfo&utm_content=thumbnail,"Vườn quốc gia Côn Đảo là một vườn quốc gia nằm trên địa bàn đặc khu Côn Đảo, Thành phố Hồ Chí Minh, Việt Nam. Vườn quốc gia được thành lập theo Quyết định số 135/QĐ-TTg ngày 31 tháng 3 năm 1993 của Thủ tướng chính phủ Cộng hòa Xã hội Chủ nghĩa Việt Nam.","Website: https://www.condaopark.com.vn/ · Nguồn: OpenStreetMap, Wikipedia · Ảnh: [Tycho] talk , http://shansov.net, CC BY-SA 3.0, Wikimedia Commons",relation/7144054,vi:Vườn quốc gia Côn Đảo
Thành phố Hồ Chí Minh,"Núi Đất · Tam Long, Hồ Chí Minh",Di tích lịch sử,Dễ,8,10.556944,107.22222,https://upload.wikimedia.org/wikipedia/commons/e/e9/Luscombe_Bowl_and_airfield%2C_Nui_Dat%2C_1971.jpg?utm_source=commons.wikimedia.org&utm_campaign=imageinfo&utm_content=thumbnail_unscaled,"Núi Đất là căn cứ cũ của Lực lượng đặc nhiệm Úc số 1 hiện nay thuộc phường Tam Long, Thành phố Hồ Chí Minh.","Nguồn: OpenStreetMap, Wikipedia · Ảnh: Australian War Memorial, CC0, Wikimedia Commons",node/4708186090,vi:Trại Núi Đất
Thành phố Hồ Chí Minh,"Thập tự giá Long Tân · Đường tỉnh 996, Tân Hòa, Hồ Chí Minh",Di tích lịch sử,Dễ,8,10.5530051,107.2654502,https://thumb.wikimedia.org/wikipedia/commons/thumb/0/05/The_Long_Tan_Cross_on_display_at_the_Australian_War_Memorial.jpg/960px-The_Long_Tan_Cross_on_display_at_the_Australian_War_Memorial.jpg?utm_source=commons.wikimedia.org&utm_campaign=imageinfo&utm_content=thumbnail,"Thập tự giá Long Tân là một cây thập tự mà binh lính Quân đội Úc dựng lên làm bia tưởng niệm những đồng đội của họ tử trận trong Trận Long Tân thuộc Chiến tranh Việt Nam. Trên tấm bia có gắn biển đồng được làm từ chính quốc Úc đưa sang Việt Nam viết rằng: “Kỷ niệm những người lính thuộc Đại đội D, Tiểu đoàn 3, Trung đoàn 1 lực lượng đặc nhiệm Hoàng gia Australia đã bỏ mình tại nơi đây trong trận đánh Long Tân, ngày 18 tháng 8 năm 1966”. Sau khi chiến tranh Việt Nam kết thúc, cây thập tự Long Tân và địa điểm dựng cây thập tự đã được nước này xếp hạng là di tích lịch sử - văn hóa cấp quốc gia với tên gọi “Bia hình thánh giá” vào năm 1988.","Nguồn: OpenStreetMap, Wikipedia · Ảnh: Bidgee, CC BY-SA 3.0 au, Wikimedia Commons",node/5437425449,vi:Thập tự giá Long Tân
Thành phố Hồ Chí Minh,"Tượng Thánh Mátthêu Lê Văn Gẫm (1813-1847) · Nguyễn Trãi, Khu phố 7, Bến Thành, Hồ Chí Minh",Di tích lịch sử,Dễ,8,10.7686927,106.6892257,https://thumb.wikimedia.org/wikipedia/commons/thumb/9/9d/T%C6%B0%E1%BB%A3ng_%C4%91%C3%A0i_th%C3%A1nh_M%C3%A1tth%C3%AAu_L%C3%AA_V%C4%83n_G%E1%BA%ABm.jpg/960px-T%C6%B0%E1%BB%A3ng_%C4%91%C3%A0i_th%C3%A1nh_M%C3%A1tth%C3%AAu_L%C3%AA_V%C4%83n_G%E1%BA%ABm.jpg?utm_source=commons.wikimedia.org&utm_campaign=imageinfo&utm_content=thumbnail,Mátthêu Lê Văn Gẫm (1813 – 1847) là một thương gia và là một vị thánh tử đạo người Việt Nam. Ông bị xử trảm theo lệnh của hoàng đế Thiệu Trị sau thời gian bị giam giữ vì tội dùng thuyền riêng lén lút đưa các nhà truyền giáo từ châu Âu vào lãnh thổ Đại Nam.,"Nguồn: OpenStreetMap, Wikipedia · Ảnh: Bùi Thụy Đào Nguyên, CC BY-SA 3.0, Wikimedia Commons",node/14159026501,vi:Mátthêu Lê Văn Gẫm
Thành phố Hồ Chí Minh,"Hội quán Nghĩa Nhuận · 27 Đường Phan Văn Khỏe, Khu phố 21, Chợ Lớn, Hồ Chí Minh",Chùa / đền / nhà thờ,Dễ,8,10.7493723,106.6543875,https://thumb.wikimedia.org/wikipedia/commons/thumb/9/98/H%E1%BB%99i_qu%C3%A1n_Ngh%C4%A9a_Nhu%E1%BA%ADn.jpg/960px-H%E1%BB%99i_qu%C3%A1n_Ngh%C4%A9a_Nhu%E1%BA%ADn.jpg?utm_source=commons.wikimedia.org&utm_campaign=imageinfo&utm_content=thumbnail,"Hội quán Nghĩa Nhuận (chữ Hán: 義潤會館), còn được gọi là đình Nghĩa Nhuận hay miếu Quan Đế, là một cơ sở tín ngưỡng tại địa chỉ số 27 đường Phan Văn Khỏe, Phường Chợ Lớn, Thành phố Hồ Chí Minh.","Nguồn: OpenStreetMap, Wikipedia · Ảnh: Prince Roy, CC BY 2.0, Wikimedia Commons",way/420287578,vi:Hội quán Nghĩa Nhuận
Thành phố Hồ Chí Minh,"Hội quán Quảng Triệu · Võ Văn Kiệt, Khu phố 14, Bến Thành, Hồ Chí Minh",Chùa / đền / nhà thờ,Dễ,8,10.7652137,106.6990129,https://thumb.wikimedia.org/wikipedia/commons/thumb/d/d9/Ch%C3%B9a_thi%C3%AAn_h%E1%BA%ADu_qu%E1%BA%ADn_01-C%E1%BA%A7u_%C3%94ng_L%C3%A3nh%2C_Qu%E1%BA%ADn_1%2C_TPHCM%2C_Vi%E1%BB%87t_Nam_-_panoramio.jpg/960px-Ch%C3%B9a_thi%C3%AAn_h%E1%BA%ADu_qu%E1%BA%ADn_01-C%E1%BA%A7u_%C3%94ng_L%C3%A3nh%2C_Qu%E1%BA%ADn_1%2C_TPHCM%2C_Vi%E1%BB%87t_Nam_-_panoramio.jpg?utm_source=commons.wikimedia.org&utm_campaign=imageinfo&utm_content=thumbnail,"Hội quán Quảng Triệu (chữ Hán: 廣肇會館), còn được gọi là Miếu Thiên Hậu hay Chùa Bà Cầu Ông Lãnh, là một cơ sở tín ngưỡng tại địa chỉ số 156 đường Võ Văn Kiệt (số cũ là 122 Bến Chương Dương), phường Bến Thành, Thành phố Hồ Chí Minh. Nơi đây vốn là địa điểm sinh hoạt của người Hoa gốc hai phủ Quảng Châu và Triệu Khánh, tuy nhiên nay đã trở thành cơ sở chung của cộng đồng người Việt lẫn người Hoa.
Miếu Thiên Hậu được Bộ Văn hóa – Thông tin (nay là Bộ Văn hóa, Thể thao và Du lịch) xếp hạng di tích kiến trúc nghệ thuật cấp quốc gia vào ngày 25 tháng 4 năm 1998.","Nguồn: OpenStreetMap, Wikipedia · Ảnh: trungydang, CC BY 3.0, Wikimedia Commons",way/807297567,vi:Hội quán Quảng Triệu (Thành phố Hồ Chí Minh)
Thành phố Hồ Chí Minh,"Chùa Giác Lâm · Lạc Long Quân, Bảy Hiền, Hồ Chí Minh",Chùa / đền / nhà thờ,Dễ,8,10.7780295,106.6492296,https://thumb.wikimedia.org/wikipedia/commons/thumb/8/8d/ChuaGiacLam02.jpg/960px-ChuaGiacLam02.jpg?utm_source=commons.wikimedia.org&utm_campaign=imageinfo&utm_content=thumbnail,"Chùa Giác Lâm (tiếng Trung: 覺林寺:; Hán-Việt: Giác Lâm tự) còn có các tên khác: Cẩm Sơn, Sơn Can hay Cẩm Đệm; là một trong những ngôi chùa cổ nhất của Thành phố Hồ Chí Minh. Đây chính là tổ đình của phái Thiền Lâm Tế tông ở Nam Bộ. Chùa tọa lạc tại số 565 (số cũ 118) đường Lạc Long Quân, thuộc Phường Bảy Hiền, Thành phố Hồ Chí Minh, và đã được Bộ Văn hóa (nay là Bộ Văn hóa - Thông tin) công nhận là di tích lịch sử - văn hóa quốc gia của Việt Nam theo quyết định số 1288-VH/QĐ ngày 16 tháng 11 năm 1988.","Nguồn: OpenStreetMap, Wikipedia · Ảnh: Phan Ba at vi.wikipedia, Public domain, Wikimedia Commons",way/1221686026,vi:Chùa Giác Lâm
Thành phố Hồ Chí Minh,"Chùa Ngọc Hoàng · Khu phố 12, Tân Định, Ho Chi Minh City, Hồ Chí Minh",Chùa / đền / nhà thờ,Dễ,8,10.7915281,106.6976869,https://thumb.wikimedia.org/wikipedia/commons/thumb/1/10/Jade_Emperor_Pagoda_Saigon.jpg/960px-Jade_Emperor_Pagoda_Saigon.jpg?utm_source=commons.wikimedia.org&utm_campaign=imageinfo&utm_content=thumbnail,"Chùa Ngọc Hoàng là tên thường gọi của Điện Ngọc Hoàng, tên chữ là Phước Hải Tự (người Pháp thì gọi là chùa Đa Kao); hiện tọa lạc tại số 73 đường Mai Thị Lựu, phường Tân Định, Thành phố Hồ Chí Minh, Việt Nam.","Nguồn: OpenStreetMap, Wikipedia · Ảnh: Ymblanter, CC BY-SA 4.0, Wikimedia Commons",way/1272651080,vi:Chùa Ngọc Hoàng
Thành phố Hồ Chí Minh,"Công viên Văn hóa Đầm Sen · Hẻm 273 Lạc Long Quân, Khu phố 1, Bình Thới, Hồ Chí Minh",Điểm tham quan,Dễ,7,10.7643335,106.6385329,https://thumb.wikimedia.org/wikipedia/commons/thumb/7/7a/T%C3%A0u_l%E1%BB%99n_v%C3%B2ng_si%C3%AAu_t%E1%BB%91c%2C_C%C3%B4ng_vi%C3%AAn_%C4%90%E1%BA%A7m_Sen.JPG/960px-T%C3%A0u_l%E1%BB%99n_v%C3%B2ng_si%C3%AAu_t%E1%BB%91c%2C_C%C3%B4ng_vi%C3%AAn_%C4%90%E1%BA%A7m_Sen.JPG?utm_source=commons.wikimedia.org&utm_campaign=imageinfo&utm_content=thumbnail,"Công viên Văn hóa Đầm Sen là công viên giải trí nằm trên đường Hòa Bình, phường Bình Thới, Thành phố Hồ Chí Minh. Công viên có diện tích 50 hecta gồm 20% là mặt hồ và 60% cây xanh và vườn hoa.","Giờ mở cửa: T2,T4-T7 09:00-17:00; ngày lễ,CN 08:30-18:00; T3 closed · Nguồn: OpenStreetMap, Wikipedia · Ảnh: Prenn, CC BY-SA 3.0, Wikimedia Commons",way/32735046,vi:Công viên Văn hóa Đầm Sen
Thành phố Hồ Chí Minh,"Khu du lịch Suối Tiên · 2/93A 73, Khu phố 9, Tăng Nhơn Phú, Hồ Chí Minh",Điểm tham quan,Dễ,7,10.8619124,106.8037899,https://thumb.wikimedia.org/wikipedia/commons/thumb/6/6d/July_2023_Suoi_Tien_Park.jpg/960px-July_2023_Suoi_Tien_Park.jpg?utm_source=commons.wikimedia.org&utm_campaign=imageinfo&utm_content=thumbnail,"Khu Du lịch Văn hóa Suối Tiên là một công viên liên hợp vui chơi giải trí kết hợp truyền thống các yếu tố văn hóa – lịch sử – tâm linh. Vị trí khu du lịch tại 120 Xa lộ Hà Nội, Phường Tăng Nhơn Phú, Thành phố Hồ Chí Minh. Kiểu cách kiến trúc và các thể loại vui chơi được gắn lồng vào các hình ảnh lịch sử và truyền thuyết Việt Nam như Lạc Long Quân – Âu Cơ, Vua Hùng, Sơn Tinh Thủy Tinh, Mười chín tầng địa ngục, Tứ linh hội tụ Long – Lân – Quy – Phụng, công viên giải trí dưới nước, đặc biệt là biển Tiên Đồng – biển nhân tạo đầu tiên ở Việt Nam.","Giờ mở cửa: 08:00-17:00 · Điện thoại: +84 1900 636787;+84 28 3896 0260 · Website: https://www.suoitien.com/ · Nguồn: OpenStreetMap, Wikipedia · Ảnh: Syced, CC0, Wikimedia Commons",way/463548000,vi:Khu du lịch Văn hóa Suối Tiên
Thành phố Hồ Chí Minh,"Địa Đạo Bến Dược · lộ 15, Phú Hiệp, An Nhơn Tây, Hồ Chí Minh",Bảo tàng,Dễ,7,11.1432528,106.4632107,https://thumb.wikimedia.org/wikipedia/commons/thumb/1/14/C%E1%BB%A7_Chi_tunnels_entrance.JPG/960px-C%E1%BB%A7_Chi_tunnels_entrance.JPG?utm_source=commons.wikimedia.org&utm_campaign=imageinfo&utm_content=thumbnail,"Địa đạo Bến Dược là một phần của hệ thống địa đạo Củ Chi – mạng lưới đường hầm nối liền nhau ở Củ Chi, Thành phố Hồ Chí Minh. Trong kháng chiến chống Mỹ, nơi đây diễn ra nhiều trận đánh và là căn cứ chỉ huy của Quân Giải phóng trong cuộc Tổng tiến công Tết Mậu Thân 1968; hệ thống hầm được dùng làm nơi trú ẩn, đường liên lạc, tiếp tế, bệnh viện dã chiến, kho lương thực, vũ khí và nơi sinh hoạt của chiến sĩ.","Giờ mở cửa: hằng ngày 09:00-17:00 · Website: http://diadaocuchi.com.vn · Nguồn: OpenStreetMap, Wikipedia · Ảnh: Lars Curfs ( Grashoofd ), CC BY-SA 3.0 nl, Wikimedia Commons",node/4171787601,en:Củ Chi tunnels
Thành phố Hồ Chí Minh,"Bảo tàng Lực lượng Vũ trang miền Đông Nam Bộ · Hẻm 5 Phạm Văn Hai, Tân Sơn Hòa, Hồ Chí Minh",Bảo tàng,Dễ,7,10.7993714,106.6659894,https://thumb.wikimedia.org/wikipedia/commons/thumb/3/31/Vietnam-021-3rd-Field-front.jpg/960px-Vietnam-021-3rd-Field-front.jpg?utm_source=commons.wikimedia.org&utm_campaign=imageinfo&utm_content=thumbnail,"Bảo tàng Lực lượng Vũ trang miền Đông Nam Bộ hay còn gọi là Bảo tàng Quân Khu 7 là một bảo tàng quân sự tọa lạc tại số 247 Hoàng Văn Thụ, quận Tân Bình, Thành phố Hồ Chí Minh, Việt Nam. Bảo tàng này trưng bày hiện vật từ tất cả các cuộc kháng chiến chống ngoại xâm trong lịch sử Việt Nam thời hiện đại từ cuộc chiến tranh Đông Dương lần thứ nhất, chiến tranh Việt Nam cho đến chiến tranh biên giới Việt Nam–Campuchia.
Giờ mở cửa của bảo tàng này là sáng từ 7 giờ 30 phút đến 11 giờ 30 phút và chiều từ 13 giờ đến 16 giờ 30 phút hàng ngày trừ thứ Hai.","Nguồn: OpenStreetMap, Wikipedia · Ảnh: Tucker Smallwood, CC BY 3.0, Wikimedia Commons",way/376923094,vi:Bảo tàng Lực lượng Vũ trang miền Đông Nam Bộ
Thành phố Hồ Chí Minh,"Chùa Phụng Sơn · Nguyễn Công Trứ, Khu phố 14, Bến Thành, Hồ Chí Minh",Chùa / đền / nhà thờ,Dễ,7,10.7664477,106.6983992,https://thumb.wikimedia.org/wikipedia/commons/thumb/e/e9/Ch%C3%B9a_Ph%E1%BB%A5ng_s%C6%A1n.jpg/960px-Ch%C3%B9a_Ph%E1%BB%A5ng_s%C6%A1n.jpg?utm_source=commons.wikimedia.org&utm_campaign=imageinfo&utm_content=thumbnail,"Chùa Phụng Sơn, tên chữ là Phụng Sơn Tự, còn có tên là chùa Gò, tọa lạc ở số 1408 Đường 3 tháng 2, phường Minh Phụng, Thành phố Hồ Chí Minh, Việt Nam. Ngôi cổ tự này đã được xếp hạng là ""Di tích lịch sử văn hóa cấp Quốc gia"" vào ngày 16 tháng 11 năm 1988.","Nguồn: OpenStreetMap, Wikipedia · Ảnh: Bùi Thụy Đào Nguyên, CC BY-SA 3.0, Wikimedia Commons",node/9587486349,vi:Chùa Phụng Sơn
Thành phố Hồ Chí Minh,"Nhà thờ Tân Định · Khu phố 9, Xuân Hòa, Hồ Chí Minh City, Hồ Chí Minh",Chùa / đền / nhà thờ,Dễ,7,10.7883494,106.6906577,https://thumb.wikimedia.org/wikipedia/commons/thumb/1/11/T%C3%A2n_%C4%90%E1%BB%8Bnh_Church_20190922.jpg/960px-T%C3%A2n_%C4%90%E1%BB%8Bnh_Church_20190922.jpg?utm_source=commons.wikimedia.org&utm_campaign=imageinfo&utm_content=thumbnail,"Nhà thờ Tân Định (tên chính thức: Nhà thờ Thánh Tâm Chúa Giêsu, Tân Định) là một nhà thờ Công giáo tại Thành phố Hồ Chí Minh, thuộc giáo xứ Tân Định. Nhà thờ Tân Định cùng với Nhà thờ Đức Bà Sài Gòn là hai nhà thờ được xây dựng từ rất sớm và có quy mô lớn nhất tại thành phố này.
Nhà thờ tọa lạc tại số 289 đường Hai Bà Trưng, phường Xuân Hòa, Thành phố Hồ Chí Minh, được khởi công vào năm 1870 và khánh thành vào ngày 16 tháng 12 năm 1876.","Nguồn: OpenStreetMap, Wikipedia · Ảnh: Suicasmo, CC BY-SA 4.0, Wikimedia Commons",way/60118189,vi:Nhà thờ Tân Định
Thành phố Hồ Chí Minh,"Chùa Hội Khánh · Phú Cường 1, Thủ Dầu Một, Hồ Chí Minh",Chùa / đền / nhà thờ,Dễ,7,10.9815663,106.6591073,https://thumb.wikimedia.org/wikipedia/commons/thumb/f/ff/Buddha_Statue_at_the_H%E1%BB%99i_Kh%C3%A1nh_Temple_in_B%C3%ACnh_D%C6%B0%C6%A1ng%2C_Vietnam.jpg/960px-Buddha_Statue_at_the_H%E1%BB%99i_Kh%C3%A1nh_Temple_in_B%C3%ACnh_D%C6%B0%C6%A1ng%2C_Vietnam.jpg?utm_source=commons.wikimedia.org&utm_campaign=imageinfo&utm_content=thumbnail,"Chùa Hội Khánh là một ngôi chùa cổ Phật giáo được Thiền sư Đại Ngạn (thuộc dòng Lâm Tế) khai sơn năm Cảnh Hưng thứ 2, đời Lê Hiển Tông, tức năm Tân Dậu (1741) ở Thành phố Hồ Chí Minh, Việt Nam.
Lúc đầu chùa được xây trên một ngọn đồi cao, nhưng vào năm 1861 nó bị phá hủy trong chiến tranh. Chùa được cho xây lại do thầy Thích Chánh Đắc dưới chân đồi khoảng 100 m cách vị trí cũ.","Nguồn: OpenStreetMap, Wikipedia · Ảnh: Gary Cycles, CC BY 2.0, Wikimedia Commons",way/264294905,vi:Chùa Hội Khánh
Thành phố Hồ Chí Minh,"Chùa Hoằng Pháp · Tân Hiệp 6, Ấp 24, Hồ Chí Minh",Chùa / đền / nhà thờ,Dễ,7,10.9002163,106.5818132,https://thumb.wikimedia.org/wikipedia/commons/thumb/d/de/Ch%C3%B9a_Ho%E1%BA%B1ng_Ph%C3%A1p.jpg/960px-Ch%C3%B9a_Ho%E1%BA%B1ng_Ph%C3%A1p.jpg?utm_source=commons.wikimedia.org&utm_campaign=imageinfo&utm_content=thumbnail,"Chùa Hoằng Pháp là một ngôi chùa tọa lạc, tại Thành Ông Năm, xã Hóc Môn, thành phố Hồ Chí Minh. Chùa đã tồn tại hơn nửa thế kỷ, nổi tiếng là nơi thu hút các tín đồ Phật giáo ở TPHCM và các vùng lân cận đến tham quan. Đồng thời,nơi đây thu hút mọi người tham gia các Khóa Tu Phật Thất, Khóa Tu Mùa Hè, Khóa Tu Sinh Viên, Khóa Tu Thiếu Nhi.","Nguồn: OpenStreetMap, Wikipedia · Ảnh: Bùi Thụy Đào Nguyên, CC BY-SA 3.0, Wikimedia Commons",way/366069915,vi:Chùa Hoằng Pháp
Thành phố Hồ Chí Minh,"Chùa Vĩnh Nghiêm · Hoàng Sa, Khu phố 16, Xuân Hòa, Hồ Chí Minh",Chùa / đền / nhà thờ,Dễ,7,10.7903631,106.6822945,https://thumb.wikimedia.org/wikipedia/commons/thumb/b/b4/Chua_Vinh_nghiem%2C_tphcm_vietnam_-_panoramio_%281%29.jpg/960px-Chua_Vinh_nghiem%2C_tphcm_vietnam_-_panoramio_%281%29.jpg?utm_source=commons.wikimedia.org&utm_campaign=imageinfo&utm_content=thumbnail,"Chùa Vĩnh Nghiêm (chữ Hán: 永嚴寺) là một danh lam, hiện tọa lạc tại số 339 Nam Kỳ Khởi Nghĩa (gần cầu Công Lý), thuộc phường Xuân Hoà, Thành phố Hồ Chí Minh, Việt Nam.","Website: https://www.vinhnghiemvn.com/ · Nguồn: OpenStreetMap, Wikipedia · Ảnh: trungydang, CC BY 3.0, Wikimedia Commons",way/494789249,vi:Chùa Vĩnh Nghiêm (Thành phố Hồ Chí Minh)
Thành phố Hồ Chí Minh,"Chùa Linh Phước · Đường số 11, Khu phố 1, Linh Xuân, Hồ Chí Minh",Chùa / đền / nhà thờ,Dễ,7,10.8822888,106.7669351,https://thumb.wikimedia.org/wikipedia/commons/thumb/b/ba/Da_Lat_-_Linh_Phuoc_Temple_03.jpg/960px-Da_Lat_-_Linh_Phuoc_Temple_03.jpg?utm_source=commons.wikimedia.org&utm_campaign=imageinfo&utm_content=thumbnail,"Chùa Linh Phước (chữ Hán: 靈福寺) tọa lạc tại số 120 Tự Phước, phường Xuân Trường – Đà Lạt thuộc địa bàn Trại Mát, cách trung tâm 8 km, trên quốc lộ 20. Chùa còn được gọi là Chùa Ve Chai vì trong sân chùa có con rồng dài 49 m được làm bằng 12.000 vỏ chai lọ. Chùa Linh Phước là một công trình kiến trúc khảm sành đặc sắc của thành phố Đà Lạt.","Nguồn: OpenStreetMap, Wikipedia · Ảnh: P. Hughes, CC BY 4.0, Wikimedia Commons",way/503561771,vi:Chùa Linh Phước
Thành phố Hồ Chí Minh,"Chùa Ấn Quang · Hẻm 237 Sư Vạn Hạnh, Khu phố 21, Vườn Lài, Hồ Chí Minh",Chùa / đền / nhà thờ,Dễ,7,10.7658337,106.6716779,https://thumb.wikimedia.org/wikipedia/commons/thumb/1/17/An_Quang_Pagoda_%2810017886424%29.jpg/960px-An_Quang_Pagoda_%2810017886424%29.jpg?utm_source=commons.wikimedia.org&utm_campaign=imageinfo&utm_content=thumbnail,"Chùa Ấn Quang hay Tổ đình Ấn Quang là một ngôi chùa ở phường Vườn Lài, Thành phố Hồ Chí Minh, Việt Nam và đây cũng là một trường Phật học của Giáo hội Phật giáo Việt Nam ở miền Nam.
Chùa Ấn Quang tọa lạc tại 243 đường Sư Vạn Hạnh, phường Vườn Lài, thành phố Hồ Chí Minh.
Chùa được tạo lập năm 1948 và đã được mở rộng nâng cấp.","Nguồn: OpenStreetMap, Wikipedia · Ảnh: Gary Todd from Xinzheng, China, CC0, Wikimedia Commons",way/585932824,vi:Chùa Ấn Quang
Thành phố Hồ Chí Minh,"Đền tưởng niệm Bến Dược · lộ 15, Phú Hiệp, An Nhơn Tây, Hồ Chí Minh",Chùa / đền / nhà thờ,Dễ,7,11.1463991,106.4593929,https://thumb.wikimedia.org/wikipedia/commons/thumb/9/99/B%E1%BA%BFn_D%C6%B0%E1%BB%A3c_temple.jpg/960px-B%E1%BA%BFn_D%C6%B0%E1%BB%A3c_temple.jpg?utm_source=commons.wikimedia.org&utm_campaign=imageinfo&utm_content=thumbnail,"Đền tưởng niệm Bến Dược – Củ Chi là công trình văn hóa lịch sử do Đảng bộ và nhân dân Thành phố Hồ Chí Minh xây dựng, tưởng nhớ những chiến sĩ và đồng bào đã hy sinh trên chiến trường Sài Gòn – Gia Định trong hai cuộc kháng chiến chống Pháp và chống Mỹ. Đền tọa lạc tại ấp Bến Dược, xã Phú Mỹ Hưng, ở cuối khu địa đạo Củ Chi.","Nguồn: OpenStreetMap, Wikipedia · Ảnh: Mike Fernwood from Santa Cruz, California, United States, CC BY-SA 2.0, Wikimedia Commons",way/627398358,en:Bến Dược Memorial Temple
Thành phố Hồ Chí Minh,"Thảo Cầm Viên Sài Gòn · 2 Nguyễn Bỉnh Khiêm, Sài Gòn, Ho Chi Minh City, Hồ Chí Minh",Công viên,Dễ,7,10.7878079,106.7064568,https://thumb.wikimedia.org/wikipedia/commons/thumb/1/17/H%E1%BB%93_n%C6%B0%E1%BB%9Bc_%E1%BB%9F_Th%E1%BA%A3o_C%E1%BA%A7m_Vi%C3%AAn.JPG/960px-H%E1%BB%93_n%C6%B0%E1%BB%9Bc_%E1%BB%9F_Th%E1%BA%A3o_C%E1%BA%A7m_Vi%C3%AAn.JPG?utm_source=commons.wikimedia.org&utm_campaign=imageinfo&utm_content=thumbnail,"Thảo Cầm Viên Sài Gòn, hay còn được gọi ở địa phương là Sở Thú, là công viên bảo tồn động vật - thực vật rộng hơn 20 ha ở Thành phố Hồ Chí Minh, Việt Nam. Khuôn viên này hiện tọa lạc gần hạ lưu kênh Nhiêu Lộc – Thị Nghè với hai cổng nằm ở số 2 đường Nguyễn Bỉnh Khiêm và số 1 đường Nguyễn Thị Minh Khai, phường Sài Gòn, Thành phố Hồ Chí Minh.
Theo các dữ liệu lịch sử được tổng hợp, Thảo Cầm Viên Sài Gòn là một trong những vườn thú lâu đời nhất còn tồn tại trên thế giới.","Website: https://www.saigonzoo.net/ · Nguồn: OpenStreetMap, Wikipedia · Ảnh: Hoangvantoanajc, CC BY-SA 3.0, Wikimedia Commons",way/32735038,vi:Thảo Cầm Viên Sài Gòn
Thành phố Hồ Chí Minh,"Công viên 30 Tháng 4 · Khu phố 3, Sài Gòn, Hồ Chí Minh",Công viên,Dễ,7,10.7792539,106.6973459,https://thumb.wikimedia.org/wikipedia/commons/thumb/6/62/April_30_Park_%2852680487582%29.jpg/960px-April_30_Park_%2852680487582%29.jpg?utm_source=commons.wikimedia.org&utm_campaign=imageinfo&utm_content=thumbnail,"Công viên 30 tháng 4 là một công viên ở trung tâm Thành phố Hồ Chí Minh, Việt Nam, thuộc địa phận Sài Gòn, đối diện Dinh Độc Lập, sau lưng Nhà thờ Đức Bà Sài Gòn.
Công viên gồm 4 ô đất hình chữ nhật do bị chia làm 4 bởi đường Lê Duẩn và đường Pasteur chạy xuyên qua, tổng diện tích mặt bằng 3,5 ha, trong đó cây xanh 2,5 ha. Bốn phía công viên là các con đường gồm Hàn Thuyên, Alexandre de Rhodes, Phạm Ngọc Thạch và Nam Kỳ Khởi Nghĩa.","Nguồn: OpenStreetMap, Wikipedia · Ảnh: Kevin Rutherford from United States, CC BY-SA 2.0, Wikimedia Commons",relation/11084516,vi:Công viên 30 tháng 4
Thành phố Hồ Chí Minh,"Công viên 23 tháng 9 · 163 Đường Phạm Ngũ Lão, Khu phố 11, Bến Thành, Hồ Chí Minh",Công viên,Dễ,7,10.7695676,106.6939415,https://thumb.wikimedia.org/wikipedia/commons/thumb/b/b3/C%C3%B4ng_Vi%C3%AAn_23_Th%C3%A1ng_9_-_Ho_Chi_Minh_City%2C_Vietnam_-_DSC01084.JPG/960px-C%C3%B4ng_Vi%C3%AAn_23_Th%C3%A1ng_9_-_Ho_Chi_Minh_City%2C_Vietnam_-_DSC01084.JPG?utm_source=commons.wikimedia.org&utm_campaign=imageinfo&utm_content=thumbnail,"Công viên 23 Tháng 9 là một công viên nằm tại trung tâm Thành phố Hồ Chí Minh, Việt Nam, thuộc địa phận phường Bến Thành. Công viên nằm giữa hai con đường Lê Lai và Phạm Ngũ Lão, trải dài từ công trường Quách Thị Trang đến đường Nguyễn Trãi. Công viên gồm 3 khu và bị ngăn cách nhau bởi đường Nguyễn Thị Nghĩa.","Giờ mở cửa: mở cửa cả ngày · Nguồn: OpenStreetMap, Wikipedia · Ảnh: Daderot, CC0, Wikimedia Commons",relation/14939719,vi:Công viên 23 tháng 9
Thành phố Hồ Chí Minh,"Hồ Con Rùa · Xuân Hòa, Hồ Chí Minh",Hồ,Dễ,7,10.7826371,106.6959465,https://thumb.wikimedia.org/wikipedia/commons/thumb/d/d6/Cong_truong_con_rua.jpg/960px-Cong_truong_con_rua.jpg?utm_source=commons.wikimedia.org&utm_campaign=imageinfo&utm_content=thumbnail,"Hồ Con Rùa là tên gọi dân gian của một hồ phun nước nhân tạo nằm giữa nơi giao nhau của ba con đường Võ Văn Tần, Phạm Ngọc Thạch và Trần Cao Vân, phường Xuân Hòa (Quận 3 cũ), Thành phố Hồ Chí Minh, tạo thành một nút giao thông cùng mức kiểu bùng binh. Khu vực này có tên chính thức là Công trường Quốc tế, hiện nay là một trong những nơi hoạt động ẩm thực gần như từ sáng đến đêm, với rất nhiều tiệm cà phê và hàng quán xung quanh.","Nguồn: OpenStreetMap, Wikipedia · Ảnh: P4ntt, CC BY-SA 3.0, Wikimedia Commons",way/465070593,vi:Hồ Con Rùa
Thành phố Hồ Chí Minh,"Hòn Bà · Vũng Tàu, Hồ Chí Minh",Đảo,Dễ,7,10.3238705,107.0893068,https://thumb.wikimedia.org/wikipedia/commons/thumb/3/38/Vung_Tau_islet.jpg/960px-Vung_Tau_islet.jpg?utm_source=commons.wikimedia.org&utm_campaign=imageinfo&utm_content=thumbnail,"Hòn Bà là một đảo đá nhỏ nằm gần bờ biển thuộc phường Vũng Tàu, thành phố Hồ Chí Minh, Việt Nam. Hòn đảo tọa lạc tại khu vực Bãi Sau, cách chân Núi Nhỏ và Mũi Nghinh Phong khoảng 220 mét và sở hữu một hệ sinh thái độc đáo với thảm thực vật phong phú. Điểm đặc biệt nhất của Hòn Bà là vào những ngày thủy triều xuống thấp, một con đường đá tự nhiên dài khoảng 200 mét nối liền đảo với bãi biển Ô Quắn sẽ lộ ra, cho phép du khách đi bộ ra đảo.","Nguồn: OpenStreetMap, Wikipedia · Ảnh: Alexis Lê-Quôc from New York, United States, CC BY 2.0, Wikimedia Commons",way/121194575,vi:Hòn Bà (Vũng Tàu)
Thành phố Hồ Chí Minh,Đặc khu Côn Đảo · Hồ Chí Minh,Đảo,Dễ,7,8.6785105,106.4158373,https://thumb.wikimedia.org/wikipedia/commons/thumb/9/91/C%C3%B4n_%C4%90%E1%BA%A3o%2C_B%C3%A0_R%E1%BB%8Ba_-_V%C5%A9ng_T%C3%A0u%2C_Vietnam_-_panoramio_%2810%29.jpg/960px-C%C3%B4n_%C4%90%E1%BA%A3o%2C_B%C3%A0_R%E1%BB%8Ba_-_V%C5%A9ng_T%C3%A0u%2C_Vietnam_-_panoramio_%2810%29.jpg?utm_source=commons.wikimedia.org&utm_campaign=imageinfo&utm_content=thumbnail,"Côn Đảo là một đặc khu thuộc Thành phố Hồ Chí Minh, Việt Nam. Đây vốn là một quần đảo nằm ở ngoài khơi bờ biển Nam Bộ, cách phường Vũng Tàu 97 hải lý theo đường biển. Nơi gần Côn Đảo nhất trên đất liền là xã Vĩnh Hải, thành phố Cần Thơ là 40 hải lý.","Nguồn: OpenStreetMap, Wikipedia · Ảnh: Lam Tr Th, CC BY-SA 3.0, Wikimedia Commons",relation/3612628,vi:Côn Đảo
Thành phố Hồ Chí Minh,Hòn Bảy Cạnh · Hồ Chí Minh,Đảo,Dễ,6,8.6690831,106.6851398,https://thumb.wikimedia.org/wikipedia/commons/thumb/5/5c/H%C3%B2n_B%E1%BA%A3y_C%E1%BA%A1nh_C%C3%B4n_%C4%90%E1%BA%A3o_-_panoramio.jpg/960px-H%C3%B2n_B%E1%BA%A3y_C%E1%BA%A1nh_C%C3%B4n_%C4%90%E1%BA%A3o_-_panoramio.jpg?utm_source=commons.wikimedia.org&utm_campaign=imageinfo&utm_content=thumbnail,Hòn đảo nằm tại Hồ Chí Minh.,"Nguồn: OpenStreetMap · Ảnh: Tuderna, CC BY 3.0, Wikimedia Commons",way/751858955,
Thành phố Hồ Chí Minh,"Công viên Lê Văn Tám · Tân Định, Hồ Chí Minh",Công viên,Dễ,6,10.7882407,106.6937572,https://thumb.wikimedia.org/wikipedia/commons/thumb/7/71/Le_Van_Tam_park.JPG/960px-Le_Van_Tam_park.JPG?utm_source=commons.wikimedia.org&utm_campaign=imageinfo&utm_content=thumbnail,"Công viên Lê Văn Tám là một công viên tại phường Tân Định, Thành phố Hồ Chí Minh, Việt Nam. Công viên nằm giữa bốn tuyến đường là Hai Bà Trưng, Điện Biên Phủ, Võ Thị Sáu và Phan Liêm. Đây là nơi luyện tập thể dục thể thao quen thuộc của người dân.","Nguồn: OpenStreetMap, Wikipedia · Ảnh: TrungLH, CC BY 3.0, Wikimedia Commons",way/32735082,vi:Công viên Lê Văn Tám
Thành phố Hồ Chí Minh,"Công viên Bến Bạch Đằng · Sài Gòn, Hồ Chí Minh",Công viên,Dễ,6,10.7722799,106.7064892,https://thumb.wikimedia.org/wikipedia/commons/thumb/f/f9/Bach_Dang_Quay_%2852681304130%29.jpg/960px-Bach_Dang_Quay_%2852681304130%29.jpg?utm_source=commons.wikimedia.org&utm_campaign=imageinfo&utm_content=thumbnail,"Bến Bạch Đằng là tên của khu vực công viên và bến sông bên bờ sông Sài Gòn tại Sài Gòn, trung tâm Thành phố Hồ Chí Minh, Việt Nam. Đây là nơi người dân thành phố và du khách tới vui chơi và là địa điểm ngắm pháo hoa mỗi dịp lễ, Tết.
Bến Bạch Đằng ở địa chỉ số 2 đường Tôn Đức Thắng, nằm bên bờ tây sông Sài Gòn, gồm bến cảng và công viên dài 1,3 km, rộng 23.400 m².","Nguồn: OpenStreetMap, Wikipedia · Ảnh: Kevin Rutherford from United States, CC BY-SA 2.0, Wikimedia Commons",way/472074784,vi:Bến Bạch Đằng
Thành phố Hồ Chí Minh,"Công viên Tao Đàn · Khu phố 2, Bến Thành, Hồ Chí Minh",Công viên,Dễ,6,10.7747886,106.6930859,https://thumb.wikimedia.org/wikipedia/commons/thumb/7/78/Tao_Dan_Park.jpg/960px-Tao_Dan_Park.jpg?utm_source=commons.wikimedia.org&utm_campaign=imageinfo&utm_content=thumbnail,"Công viên Tao Đàn (hay Công viên Văn hóa Tao Đàn) là một công viên tại Quận 1, Thành phố Hồ Chí Minh, Việt Nam.
Công viên được giới hạn bởi 4 tuyến đường: Nguyễn Thị Minh Khai, Huyền Trân Công Chúa, Nguyễn Du và Cách Mạng Tháng Tám thuộc địa bàn phường Bến Thành.","Nguồn: OpenStreetMap, Wikipedia · Ảnh: Vano111ru, CC BY-SA 4.0, Wikimedia Commons",way/500888743,vi:Công viên Tao Đàn
Thành phố Hồ Chí Minh,"Công viên Hoàng Văn Thụ · Tân Sơn Hòa, Hồ Chí Minh",Công viên,Dễ,6,10.8025098,106.6645157,https://thumb.wikimedia.org/wikipedia/commons/thumb/4/44/Hoang_Van_Thu_Park.jpg/960px-Hoang_Van_Thu_Park.jpg?utm_source=commons.wikimedia.org&utm_campaign=imageinfo&utm_content=thumbnail,"Công viên Hoàng Văn Thụ là một công viên nằm về phía nam Sân bay quốc tế Tân Sơn Nhất, Thành phố Hồ Chí Minh, thuộc địa phận phường Tân Sơn Hoà.
Công viên là mảng xanh có dạng hình tam giác, diện tích khoảng 106.500 m², được giới hạn bởi các con đường là Hoàng Văn Thụ, Phan Đình Giót và Trần Quốc Hoàn. Công viên bị cắt ngang bởi đường Phan Thúc Duyện; bắc qua đường này là một cầu vượt cho người đi bộ.","Nguồn: OpenStreetMap, Wikipedia · Ảnh: Duong Pham Photography, CC BY 2.0, Wikimedia Commons",relation/17583697,vi:Công viên Hoàng Văn Thụ
Thành phố Hồ Chí Minh,"Bãi Sau · Thùy Vân, Vũng Tàu, Hồ Chí Minh",Bãi biển,Dễ,5,10.3425716,107.0982282,https://thumb.wikimedia.org/wikipedia/commons/thumb/9/98/Bai_sau_165_Thuy_van%2C8%2C_to.Vungtau%2C_Vietnam_-_panoramio.jpg/960px-Bai_sau_165_Thuy_van%2C8%2C_to.Vungtau%2C_Vietnam_-_panoramio.jpg?utm_source=commons.wikimedia.org&utm_campaign=imageinfo&utm_content=thumbnail,"Bãi biển nằm tại Thùy Vân, Vũng Tàu, Hồ Chí Minh.","Nguồn: OpenStreetMap · Ảnh: trungydang, CC BY 3.0, Wikimedia Commons",way/234800751,
Thành phố Hồ Chí Minh,"Bãi Lò Vôi · Côn Sơn, Đất Dốc, Hồ Chí Minh",Bãi biển,Dễ,4,8.6894561,106.6195558,https://thumb.wikimedia.org/wikipedia/commons/thumb/a/ae/B%C3%A3i_bi%E1%BB%83n_L%C3%B2_V%C3%B4i_C%C3%B4n_%C4%90%E1%BA%A3o_-_panoramio.jpg/960px-B%C3%A3i_bi%E1%BB%83n_L%C3%B2_V%C3%B4i_C%C3%B4n_%C4%90%E1%BA%A3o_-_panoramio.jpg?utm_source=commons.wikimedia.org&utm_campaign=imageinfo&utm_content=thumbnail,"Bãi biển nằm tại Côn Sơn, Đất Dốc, Hồ Chí Minh.","Nguồn: OpenStreetMap · Ảnh: Tuderna, CC BY 3.0, Wikimedia Commons",way/751056506,
Thành phố Hồ Chí Minh,"Bãi Đất Dốc · Đất Dốc, Hồ Chí Minh",Bãi biển,Dễ,4,8.6960667,106.6324746,https://thumb.wikimedia.org/wikipedia/commons/thumb/e/e3/B%C3%A3i_bi%E1%BB%83n_%C4%90%E1%BA%A5t_D%E1%BB%91c_C%C3%B4n_%C4%90%E1%BA%A3o_-_panoramio.jpg/960px-B%C3%A3i_bi%E1%BB%83n_%C4%90%E1%BA%A5t_D%E1%BB%91c_C%C3%B4n_%C4%90%E1%BA%A3o_-_panoramio.jpg?utm_source=commons.wikimedia.org&utm_campaign=imageinfo&utm_content=thumbnail,"Bãi biển nằm tại Đất Dốc, Hồ Chí Minh.","Nguồn: OpenStreetMap · Ảnh: Tuderna, CC BY 3.0, Wikimedia Commons",way/751261585,
Thành phố Hồ Chí Minh,"Bãi Dâu · Vũng Tàu, Hồ Chí Minh",Bãi biển,Dễ,4,10.3685598,107.0615278,https://thumb.wikimedia.org/wikipedia/commons/thumb/3/3b/Nha_Tho_Bai_Dau-ph%C6%B0%E1%BB%9Dng_5%2C_V%C5%A9ng_T%C3%A0u%2C_B%C3%A0_R%E1%BB%8Ba_-_V%C5%A9ng_T%C3%A0u%2C_Vi%E1%BB%87t_Nam_-_panoramio.jpg/960px-Nha_Tho_Bai_Dau-ph%C6%B0%E1%BB%9Dng_5%2C_V%C5%A9ng_T%C3%A0u%2C_B%C3%A0_R%E1%BB%8Ba_-_V%C5%A9ng_T%C3%A0u%2C_Vi%E1%BB%87t_Nam_-_panoramio.jpg?utm_source=commons.wikimedia.org&utm_campaign=imageinfo&utm_content=thumbnail,"Bãi biển nằm tại Vũng Tàu, Hồ Chí Minh.","Nguồn: OpenStreetMap · Ảnh: trungydang, CC BY 3.0, Wikimedia Commons",way/895756059,
Thành phố Huế,"Hoàng Thành · 23 Tháng 8, Đông Ba, Phú Xuân, Huế",Di tích lịch sử,Dễ,10,16.4689726,107.5781266,https://thumb.wikimedia.org/wikipedia/commons/thumb/9/9f/Citadel_Hue.jpg/960px-Citadel_Hue.jpg?utm_source=commons.wikimedia.org&utm_campaign=imageinfo&utm_content=thumbnail,"Hoàng thành Huế (chữ Hán: 皇城) hay còn được gọi là Đại Nội (大內), là vòng thành thứ hai bên trong Kinh thành Huế, có chức năng bảo vệ các cung điện quan trọng nhất của triều đình, các miếu thờ tổ tiên nhà Nguyễn và bảo vệ Tử Cấm thành - nơi dành riêng cho vua và hoàng gia. Hoàng thành và Tử Cấm thành thường được gọi chung là Đại Nội có diện tích khoảng 520ha.","Giờ mở cửa: T2-T7 07:30-17:30; CN 06:30-17:30 · Nguồn: OpenStreetMap, Wikipedia · Ảnh: https://www.flickr.com/photos/sixty4coupe/, CC BY-SA 2.0, Wikimedia Commons",node/5182931945,vi:Hoàng thành Huế
Thành phố Huế,"Vườn quốc gia Bạch Mã · Khe Tre, Huế",Vườn quốc gia,Trung Bình,9,16.1326866,107.7663946,https://thumb.wikimedia.org/wikipedia/commons/thumb/6/67/Bach_Ma_NP2.jpg/960px-Bach_Ma_NP2.jpg?utm_source=commons.wikimedia.org&utm_campaign=imageinfo&utm_content=thumbnail,"Vườn quốc gia Bạch Mã là một vườn quốc gia thuộc thành phố Huế, cách trung tâm thành phố Huế 40 km. Được thành lập theo quyết định số 214-CT ngày 15 tháng 7 năm 1991 của Chủ tịch Hội đồng Bộ trưởng Việt Nam.","Website: http://www.bachmapark.com.vn/ · Nguồn: OpenStreetMap, Wikipedia · Ảnh: Duncan Wright, CC BY-SA 3.0, Wikimedia Commons",relation/7122565,vi:Vườn quốc gia Bạch Mã
Thành phố Huế,"Lăng Khải Định · Khải Định, Thủy Bằng, Hương Thủy, Thủy Bằng, Thủy Xuân, Huế",Di tích lịch sử,Dễ,8,16.3989537,107.5902801,https://thumb.wikimedia.org/wikipedia/commons/thumb/c/c6/Emperor_Khai_Dinh_in_Hue_%2839543600561%29.jpg/960px-Emperor_Khai_Dinh_in_Hue_%2839543600561%29.jpg?utm_source=commons.wikimedia.org&utm_campaign=imageinfo&utm_content=thumbnail,"Lăng Khải Định, còn gọi là Ứng Lăng (應陵) là lăng tẩm của Hoàng đế Khải Định (1885-1925), vị Hoàng đế thứ 12 Triều Nguyễn. Lăng tọa lạc tại núi Châu Chữ, phường Thủy Xuân, thành phố Huế. Công trình kiến trúc này nằm trong quần thể di tích cố đô Huế, di sản thế giới đã được UNESCO công nhận từ năm 1993.","Giờ mở cửa: hằng ngày 07:00-17:30 · Điện thoại: +84 234 3865 830 · Nguồn: OpenStreetMap, Wikipedia · Ảnh: dronepicr, CC BY 2.0, Wikimedia Commons",node/6114438287,vi:Lăng Khải Định
Thành phố Huế,"Chùa Thiên Mụ · Đường Văn Thánh, Văn Thánh, Kim Long, Huế",Chùa / đền / nhà thờ,Dễ,8,16.4536003,107.5446622,https://thumb.wikimedia.org/wikipedia/commons/thumb/8/88/ThienMuPagoda.jpg/960px-ThienMuPagoda.jpg?utm_source=commons.wikimedia.org&utm_campaign=imageinfo&utm_content=thumbnail,"Chùa Thiên Mụ hay còn gọi là chùa Linh Mụ là một ngôi chùa cổ nằm trên đồi Hà Khê, tả ngạn sông Hương, cách trung tâm thành phố Huế (Việt Nam) khoảng 5 km về phía tây. Chùa Thiên Mụ chính thức khởi lập năm Tân Sửu (1601), đời chúa Tiên Nguyễn Hoàng - vị chúa Nguyễn đầu tiên ở Đàng Trong.","Giờ mở cửa: hằng ngày 08:00-18:00 · Nguồn: OpenStreetMap, Wikipedia · Ảnh: Lưu Ly, Public domain, Wikimedia Commons",way/205794912,vi:Chùa Thiên Mụ
Thành phố Huế,"Đèo Hải Vân · Chân Mây - Lăng Cô, Huế",Điểm tham quan,Dễ,7,16.1874495,108.1307217,https://thumb.wikimedia.org/wikipedia/commons/thumb/f/fa/Hai_Van_Pass_under_fog%2C_Vietnam.jpg/960px-Hai_Van_Pass_under_fog%2C_Vietnam.jpg?utm_source=commons.wikimedia.org&utm_campaign=imageinfo&utm_content=thumbnail,"Đèo Hải Vân còn có tên là đèo Ải Vân (vì trên đỉnh đèo xưa kia có 1 cửa ải) hay đèo Mây (vì đỉnh đèo thường có mây che phủ), cao 500 m so với mực nước biển, dài 20 km, cắt ngang dãy dãy núi Bạch Mã (là 1 phần của dãy Trường Sơn chạy cắt ra sát biển) nằm trên quốc lộ 1 ở ranh giới thành phố Huế (ở phía Bắc) và thành phố Đà Nẵng (ở phía Nam), Việt Nam.","Nguồn: OpenStreetMap, Wikipedia · Ảnh: Vyacheslav Argenberg, CC BY 4.0, Wikimedia Commons",node/1036552571,vi:Đèo Hải Vân
Thành phố Huế,"Chùa Báo Quốc · 17 Bảo Quốc, Tổ dân phố 27, Thuận Hóa, Huế",Điểm tham quan,Dễ,7,16.4542377,107.5796821,https://thumb.wikimedia.org/wikipedia/commons/thumb/9/94/Hu%E1%BA%BF_2024_July_-_Bao_Quoc_Temple_%28Ch%C3%B9a_B%C3%A1o_Qu%E1%BB%91c%29_-_img_05.jpg/960px-Hu%E1%BA%BF_2024_July_-_Bao_Quoc_Temple_%28Ch%C3%B9a_B%C3%A1o_Qu%E1%BB%91c%29_-_img_05.jpg?utm_source=commons.wikimedia.org&utm_campaign=imageinfo&utm_content=thumbnail,"Chùa Báo Quốc là một ngôi chùa Phật giáo ở cố đô Huế, từng là một trong ba quốc tự của Huế dưới thời nhà Nguyễn. Chùa nằm trên đường Báo Quốc, phường Đúc cũ, thành phố Huế.","Nguồn: OpenStreetMap, Wikipedia · Ảnh: Chainwit., CC BY 4.0, Wikimedia Commons",way/1170979640,en:Báo Quốc Temple
Thành phố Huế,"Cung An Định · 179 Phan Đình Phùng, Tổ dân phố 7, Thuận Hóa, Huế",Di tích lịch sử,Dễ,7,16.4566343,107.5983094,https://thumb.wikimedia.org/wikipedia/commons/thumb/0/0a/AnDinhResidence5.jpg/960px-AnDinhResidence5.jpg?utm_source=commons.wikimedia.org&utm_campaign=imageinfo&utm_content=thumbnail,"Cung An Định (安定宮) tọa lạc bên bờ sông An Cựu, xưa thuộc phường Đệ Bát, thị xã Huế (nay tại số 179 đường Phan Đình Phùng, phường Thuận Hóa, thành phố Huế) là cung điện riêng của vua Khải Định từ khi còn là thái tử đến khi làm vua, sau này được Bảo Đại thừa kế và từng sống ở đây sau khi thoái vị.","Nguồn: OpenStreetMap, Wikipedia · Ảnh: Lưu Ly, Public domain, Wikimedia Commons",way/1172897446,vi:Cung An Định
Thành phố Huế,"Kinh thành Huế · Phú Xuân, Huế",Di tích lịch sử,Dễ,7,16.4767654,107.5726546,https://thumb.wikimedia.org/wikipedia/commons/thumb/c/cc/Ngomon2.jpg/960px-Ngomon2.jpg?utm_source=commons.wikimedia.org&utm_campaign=imageinfo&utm_content=thumbnail,"Kinh thành Huế, Đại nội Huế, Hoàng thành Huế hay Cố đô Huế là một tòa thành ở cố đô Huế, nơi đóng đô của triều đại nhà Nguyễn trong suốt 143 năm từ 1802 đến khi thoái vị vào năm 1945. Hiện nay, Kinh thành Huế là một trong số các di tích thuộc cụm Quần thể di tích Cố đô Huế được UNESCO công nhận là Di sản Văn hoá Thế giới.
Kinh thành Huế được vua Gia Long tiến hành khảo sát từ năm 1803, khởi công xây dựng từ 1805 và hoàn chỉnh vào năm 1832 dưới triều vua Minh Mạng.","Nguồn: OpenStreetMap, Wikipedia · Ảnh: Public domain, Wikimedia Commons",way/1509320731,vi:Kinh thành Huế
Thành phố Huế,"Chùa Từ Hiếu · Đường Thu Bồn, Thủy Xuân, Huế",Chùa / đền / nhà thờ,Dễ,7,16.4389102,107.5719893,https://thumb.wikimedia.org/wikipedia/commons/thumb/3/34/T%E1%BB%AB_Hi%E1%BA%BFu_Pagoda_03.jpg/960px-T%E1%BB%AB_Hi%E1%BA%BFu_Pagoda_03.jpg?utm_source=commons.wikimedia.org&utm_campaign=imageinfo&utm_content=thumbnail,"Chùa Từ Hiếu hay Tổ đình Từ Hiếu (Chữ Hán: 慈孝寺, Từ Hiếu Tự) là tên một ngôi chùa ở thôn Dương Xuân Thượng III, phường Thủy Xuân, thành phố Huế. Chùa là một trong những ngôi cổ tự lớn và là một danh lam có tính văn hóa và lịch sử của cố đô Huế.","Nguồn: OpenStreetMap, Wikipedia · Ảnh: Christophe95, CC BY-SA 4.0, Wikimedia Commons",way/519775822,vi:Chùa Từ Hiếu
Thành phố Huế,"Nhà Thờ Dòng Chúa Cứu Thế Huế · 142 Nguyễn Khuyến, Tổ dân phố 7, Thuận Hóa, Huế",Chùa / đền / nhà thờ,Dễ,7,16.4579663,107.5953601,https://thumb.wikimedia.org/wikipedia/commons/thumb/c/cf/Nh%C3%A0_th%E1%BB%9D_D%C3%B2ng_Ch%C3%BAa_C%E1%BB%A9u_Th%E1%BA%BF%2C_Hu%E1%BA%BF1.jpg/960px-Nh%C3%A0_th%E1%BB%9D_D%C3%B2ng_Ch%C3%BAa_C%E1%BB%A9u_Th%E1%BA%BF%2C_Hu%E1%BA%BF1.jpg?utm_source=commons.wikimedia.org&utm_campaign=imageinfo&utm_content=thumbnail,Nhà thờ Dòng Chúa Cứu Thế (hay Nhà thờ Đức Mẹ Hằng Cứu Giúp hay Dòng Chúa Cứu Thế tại Huế) là một công trình kiến trúc của Công giáo Rôma tại Huế.,"Nguồn: OpenStreetMap, Wikipedia · Ảnh: Lưu Ly, CC BY-SA 3.0, Wikimedia Commons",way/1172894102,"vi:Nhà thờ Dòng Chúa Cứu Thế, Huế"
Thành phố Huế,Đầm Lập An · Huế,Hồ,Dễ,7,16.2404815,108.0635599,https://thumb.wikimedia.org/wikipedia/commons/thumb/c/c9/Lagoon_L%E1%BA%ADp_An_L%C4%83ng_C%C3%B4_%282024%29_-_img_02.jpg/960px-Lagoon_L%E1%BA%ADp_An_L%C4%83ng_C%C3%B4_%282024%29_-_img_02.jpg?utm_source=commons.wikimedia.org&utm_campaign=imageinfo&utm_content=thumbnail,"Đầm Lập An (hay còn được gọi là Đầm An Cư, Vụng An Cư hoặc Đầm Lăng Cô) là một đầm nước lợ nằm cạnh đèo Phú Gia, bên bờ vịnh Lăng Cô, thuộc địa phận xã Chân Mây – Lăng Cô, thành phố Huế. Đây là một trong 12 đầm phá tiêu biểu của Miền Trung Việt Nam.
Nằm ở khối núi Hải Vân – Bạch Mã, Đầm Lập An nằm trong ranh giới giữa hai miền khí hậu Bắc và Nam, trong vùng có tâm mưa lớn.","Nguồn: OpenStreetMap, Wikipedia · Ảnh: Chainwit., CC BY 4.0, Wikimedia Commons",way/139993850,vi:Đầm Lập An
Thành phố Huế,Đầm Cầu Hai · Huế,Hồ,Dễ,7,16.3229362,107.8481154,https://thumb.wikimedia.org/wikipedia/commons/thumb/f/f0/Rice_Paddies_near_Ph%C6%B0%E1%BB%9Bc_T%C6%B0%E1%BB%A3ng_and_%C4%90%E1%BA%A7m_C%E1%BA%A7u_Hai.jpg/960px-Rice_Paddies_near_Ph%C6%B0%E1%BB%9Bc_T%C6%B0%E1%BB%A3ng_and_%C4%90%E1%BA%A7m_C%E1%BA%A7u_Hai.jpg?utm_source=commons.wikimedia.org&utm_campaign=imageinfo&utm_content=thumbnail,"Đầm Cầu Hai là khu đầm lớn nhất thuộc hệ đầm phá Tam Giang – Cầu Hai ở ven biển thành phố Huế, Việt Nam.
Khu đầm này có dạng lòng chảo, sâu trung bình 1,4 m. Chiều dài đầm từ Cồn Trai đến cửa sông Rui là 9 km và từ cửa sông Truồi đến núi Vĩnh Phong gần 13 km.","Nguồn: OpenStreetMap, Wikipedia · Ảnh: Dan, CC BY-SA 2.0, Wikimedia Commons",relation/1923600,vi:Đầm Cầu Hai
Thành phố Huế,Phá Tam Giang · Huế,Hồ,Dễ,7,16.6016113,107.5354267,https://thumb.wikimedia.org/wikipedia/commons/thumb/a/ab/Aerial_view_of_the_Tam_Giang_Lagoon.jpg/960px-Aerial_view_of_the_Tam_Giang_Lagoon.jpg?utm_source=commons.wikimedia.org&utm_campaign=imageinfo&utm_content=thumbnail,"Phá Tam Giang là một phá nằm trong hệ đầm phá Tam Giang - Cầu Hai. Diện tích phá Tam Giang khoảng 52 km², trải dài khoảng 24 km theo hướng tây tây bắc-đông đông nam từ cửa sông Ô Lâu đến cửa sông Hương, thuộc địa phận hai quận Phú Xuân, Thuận Hóa, thị xã Phong Điền và huyện Quảng Điền thuộc thành phố Huế. Tọa độ trung tâm phá khoảng.","Nguồn: OpenStreetMap, Wikipedia · Ảnh: Christophe95, CC BY-SA 4.0, Wikimedia Commons",relation/7049139,vi:Phá Tam Giang
Thành phố Huế,"Bửu Thành · Cầu Thông Minh Chính Trực, Hương Thọ Bắc, Kim Long, Huế",Di tích lịch sử,Dễ,6,16.387926,107.5668023,https://thumb.wikimedia.org/wikipedia/commons/thumb/f/f7/L%C4%83ng_Minh_M%E1%BA%A1ng_-_B%E1%BB%ADu_th%C3%A0nh_%282024%29_-_img_09.jpg/960px-L%C4%83ng_Minh_M%E1%BA%A1ng_-_B%E1%BB%ADu_th%C3%A0nh_%282024%29_-_img_09.jpg?utm_source=commons.wikimedia.org&utm_campaign=imageinfo&utm_content=thumbnail,"Lăng mộ nằm tại Cầu Thông Minh Chính Trực, Hương Thọ Bắc, Kim Long, Huế.","Nguồn: OpenStreetMap · Ảnh: Chainwit., CC BY 4.0, Wikimedia Commons",way/206627350,
Tuyên Quang,"Hang Lùng Khúy · Quốc lộ 4C, Chợ Kem, Lùng Tám, Tuyên Quang",Thiên nhiên,Trung Bình,7,23.0787737,105.0199186,https://thumb.wikimedia.org/wikipedia/commons/thumb/4/40/%C4%90%E1%BB%99ng_L%C3%B9ng_Kh%C3%BAy_%2847694355042%29.jpg/960px-%C4%90%E1%BB%99ng_L%C3%B9ng_Kh%C3%BAy_%2847694355042%29.jpg?utm_source=commons.wikimedia.org&utm_campaign=imageinfo&utm_content=thumbnail,"Hang Lùng Khúy là hang trong dãy núi ở bản Lùng Khúy xã Quản Bạ tỉnh Tuyên Quang, Việt Nam.
Hang Lùng Khúy thuộc dạng karst trong dãy núi đá vôi. Hang nằm cách trung tâm tỉnh Tuyên Quang khoảng 200 km.","Có thu phí tham quan · Nguồn: OpenStreetMap, Wikipedia · Ảnh: Sketyl none, CC BY 2.0, Wikimedia Commons",node/4518601444,vi:Hang Lùng Khúy
Vĩnh Long,"Nhà thờ Chánh toà Giáo phận Vĩnh Long · Đường Lê Thị Hồng Gấm, Long Châu, Vĩnh Long",Chùa / đền / nhà thờ,Dễ,7,10.2529236,105.963905,https://thumb.wikimedia.org/wikipedia/commons/thumb/5/56/Nh%C3%A0_th%E1%BB%9D_ch%C3%ADnh_t%C3%B2a_V%C4%A9nh_Long.jpg/960px-Nh%C3%A0_th%E1%BB%9D_ch%C3%ADnh_t%C3%B2a_V%C4%A9nh_Long.jpg?utm_source=commons.wikimedia.org&utm_campaign=imageinfo&utm_content=thumbnail,"Nhà thờ chính tòa Vĩnh Long (tên chính thức: Nhà thờ chính tòa Thánh Anna) là nhà thờ chính tòa của Giáo phận Vĩnh Long, Việt Nam. Nhà thờ tọa lạc tại số 141 đường Lê Thái Tổ, phường Long Châu, tỉnh Vĩnh Long. Nhà thờ chính tòa Vĩnh Long cách Thành phố Hồ Chí Minh 136 km.","Nguồn: OpenStreetMap, Wikipedia · Ảnh: Bùi Thụy Đào Nguyên, Public domain, Wikimedia Commons",way/1000681750,vi:Nhà thờ chính tòa Vĩnh Long